page,ref_entity,ref_property
North Carolina,Estuarine Wetland Communities,Has Geography
2015 North Carolina Wildlife Action Plan,Estuarine Wetland Communities,Has Plan
White-Winged Scoter,Estuarine Wetland Communities,Has Species
North Carolina,Bogs and Fens,Has Geography
2015 North Carolina Wildlife Action Plan,Bogs and Fens,Has Plan
2005 North Carolina Wildlife Action Plan,Bogs and Fens,Has Plan
North Carolina,Floodplains-Blackwater Systems,Has Geography
2015 North Carolina Wildlife Action Plan,Floodplains-Blackwater Systems,Has Plan
Wayne's Black-throated Green Warbler,Floodplains-Blackwater Systems,Has Species
North Carolina,Floodplains-Brownwater Systems,Has Geography
2015 North Carolina Wildlife Action Plan,Floodplains-Brownwater Systems,Has Plan
Wayne's Black-throated Green Warbler,Floodplains-Brownwater Systems,Has Species
North Carolina,Floodplains-Inland Systems,Has Geography
2015 North Carolina Wildlife Action Plan,Floodplains-Inland Systems,Has Plan
North Carolina,Freshwater Tidal Wetlands,Has Geography
2015 North Carolina Wildlife Action Plan,Freshwater Tidal Wetlands,Has Plan
White-Winged Scoter,Freshwater Tidal Wetlands,Has Species
North Carolina,Nonalluvial Mineral Wetlands,Has Geography
2015 North Carolina Wildlife Action Plan,Nonalluvial Mineral Wetlands,Has Plan
Sanhills,Nonalluvial Mineral Wetlands,Has Geography
Albemarle–Pamlico Peninsula,Nonalluvial Mineral Wetlands,Has Geography
Wayne's Black-throated Green Warbler,Nonalluvial Mineral Wetlands,Has Species
North Carolina,Pocosins,Has Geography
2015 North Carolina Wildlife Action Plan,Pocosins,Has Plan
Wayne's Black-throated Green Warbler,Pocosins,Has Species
North Carolina,Upland Pools and Depressions,Has Geography
2015 North Carolina Wildlife Action Plan,Upland Pools and Depressions,Has Plan
Brunswick County,Upland Pools and Depressions,Has Geography
North Carolina,Upland Seepages and Spray Cliffs,Has Geography
2015 North Carolina Wildlife Action Plan,Upland Seepages and Spray Cliffs,Has Plan
Mole Salamander,Upland Seepages and Spray Cliffs,Has Species
Four-toed Salamander,Upland Seepages and Spray Cliffs,Has Species
Marbled Salamander,Upland Seepages and Spray Cliffs,Has Species
Three-lined Salamander,Upland Seepages and Spray Cliffs,Has Species
Spotted Salamander,Upland Seepages and Spray Cliffs,Has Species
North Carolina,Wet Pine Savannas,Has Geography
2015 North Carolina Wildlife Action Plan,Wet Pine Savannas,Has Plan
North Carolina,Spruce-Fir Forest,Has Geography
2015 North Carolina Wildlife Action Plan,Spruce-Fir Forest,Has Plan
Weller’s Salamander,Spruce-Fir Forest,Has Species
Northern Flying Squirrel,Spruce-Fir Forest,Has Species
North Carolina,Northern Hardwood Forests,Has Geography
2015 North Carolina Wildlife Action Plan,Northern Hardwood Forests,Has Plan
Weller’s Salamander,Northern Hardwood Forests,Has Species
North Carolina,Cove Forests,Has Geography
2015 North Carolina Wildlife Action Plan,Cove Forests,Has Plan
North Carolina,Mafic Glades and Barrrens,Has Geography
2015 North Carolina Wildlife Action Plan,Mafic Glades and Barrrens,Has Plan
North Carolina,Grass and Heath Balds,Has Geography
2015 North Carolina Wildlife Action Plan,Grass and Heath Balds,Has Plan
North Carolina,High Elevation Cliffs and Rock Outcrops,Has Geography
2015 North Carolina Wildlife Action Plan,High Elevation Cliffs and Rock Outcrops,Has Plan
North Carolina,Low Elevation Flatrocks, Cliffs, and Rock Outcrops,Has Geography
2015 North Carolina Wildlife Action Plan,Low Elevation Flatrocks, Cliffs, and Rock Outcrops,Has Plan
North Carolina,Mesic Forests,Has Geography
2015 North Carolina Wildlife Action Plan,Mesic Forests,Has Plan
Wayne's Black-throated Green Warbler,Mesic Forests,Has Species
North Carolina,Dry Coniferous Woodlands,Has Geography
2015 North Carolina Wildlife Action Plan,Dry Coniferous Woodlands,Has Plan
North Carolina,Oak and Mixed Hardwood/Pine Forests and Managed Timber,Has Geography
2015 North Carolina Wildlife Action Plan,Oak and Mixed Hardwood/Pine Forests and Managed Timber,Has Plan
2005 North Carolina Wildlife Action Plan,Oak and Mixed Hardwood/Pine Forests and Managed Timber,Has Plan
North Carolina,Montane Oak Forests,Has Geography
2015 North Carolina Wildlife Action Plan,Montane Oak Forests,Has Plan
2005 North Carolina Wildlife Action Plan,Montane Oak Forests,Has Plan
North Carolina,Dry Longleaf Pine Communities,Has Geography
2015 North Carolina Wildlife Action Plan,Dry Longleaf Pine Communities,Has Plan
2005 North Carolina Wildlife Action Plan,Dry Longleaf Pine Communities,Has Plan
North Carolina,Maritime Forests,Has Geography
2015 North Carolina Wildlife Action Plan,Maritime Forests,Has Plan
2005 North Carolina Wildlife Action Plan,Maritime Forests,Has Plan
North Carolina,Maritime Grasslands,Has Geography
2015 North Carolina Wildlife Action Plan,Maritime Grasslands,Has Plan
2005 North Carolina Wildlife Action Plan,Maritime Grasslands,Has Plan
North Carolina,Successional Communities,Has Geography
2015 North Carolina Wildlife Action Plan,Successional Communities,Has Plan
North Carolina,Sparsely Settled Mixed Habitats,Has Geography
2015 North Carolina Wildlife Action Plan,Sparsely Settled Mixed Habitats,Has Plan
South Atlantic Migratory Bird Initiative Implmentation Plan 2008,American Oystercatcher,Has Plan
Sand, Shell, and Wrack Active Shoreline,American Oystercatcher,Has Habitat
Conservation Plan For The American Black Duck 2011,Piping Plover,Has Plan
Piping Plover 5 Year Review 2020,Piping Plover,Has Plan
Red Knot Conservation Plan For The Western Hemisphere 2010,Piping Plover,Has Plan
South Atlantic Migratory Bird Initiative Implmentation Plan 2008,Piping Plover,Has Plan
Status Review And Conservation Recommendations For The Gull-Billed Tern In North America 2010,Piping Plover,Has Plan
Sand, Shell, and Wrack Active Shoreline,Piping Plover,Has Habitat
South Atlantic Migratory Bird Initiative Implmentation Plan 2008,Acadian Flycatcher,Has Plan
South Atlantic Migratory Bird Initiative Implmentation Plan 2008,American Avocet,Has Plan
North American Waterbird Conservation Plan 2002,American Bittern,Has Plan
South Atlantic Migratory Bird Initiative Implmentation Plan 2008,American Bittern,Has Plan
Conservation Plan For The American Black Duck 2011,American Black Duck,Has Plan
North American Waterfowl Management Plan 2018,American Black Duck,Has Plan
South Atlantic Migratory Bird Initiative Implmentation Plan 2008,American Black Duck,Has Plan
North American Waterbird Conservation Plan 2002,American Coot,Has Plan
South Atlantic Migratory Bird Initiative Implmentation Plan 2008,American Coot,Has Plan
South Atlantic Migratory Bird Initiative Implmentation Plan 2008,American Kestrel,Has Plan
Status Review And Conservation Recommendations For The Gull-Billed Tern In North America 2010,American Kestrel,Has Plan
Conservation Action Plan For Bicknell's Thrush 2010,American Redstart,Has Plan
South Atlantic Migratory Bird Initiative Implmentation Plan 2008,American Redstart,Has Plan
Status Assessment And Conservation Plan For The Henslow's Sparrow 2012,American Robin,Has Plan
North American Waterfowl Management Plan 2018,American Wigeon,Has Plan
South Atlantic Migratory Bird Initiative Implmentation Plan 2008,American Wigeon,Has Plan
South Atlantic Migratory Bird Initiative Implmentation Plan 2008,American Woodcock,Has Plan
North American Waterbird Conservation Plan 2002,Anhinga,Has Plan
South Atlantic Migratory Bird Initiative Implmentation Plan 2008,Anhinga,Has Plan
South Atlantic Migratory Bird Initiative Implmentation Plan 2008,Bachman's Sparrow,Has Plan
Status Assessment And Conservation For The Grasshopper Sparrow 2015,Bachman's Sparrow,Has Plan
South Atlantic Migratory Bird Initiative Implmentation Plan 2008,Bald Eagle,Has Plan
South Atlantic Migratory Bird Initiative Implmentation Plan 2008,Barn Owl,Has Plan
South Atlantic Migratory Bird Initiative Implmentation Plan 2008,Black-and-white Warbler,Has Plan
Red Knot Conservation Plan For The Western Hemisphere 2010,Black-bellied Plover,Has Plan
South Atlantic Migratory Bird Initiative Implmentation Plan 2008,Black-bellied Plover,Has Plan
Sand, Shell, and Wrack Active Shoreline,Black-bellied Plover,Has Habitat
North American Waterbird Conservation Plan 2002,Black-crowned Night-Heron,Has Plan
South Atlantic Migratory Bird Initiative Implmentation Plan 2008,Black-crowned Night-Heron,Has Plan
South Atlantic Migratory Bird Initiative Implmentation Plan 2008,Black-necked Stilt,Has Plan
Status Review And Conservation Recommendations For The Gull-Billed Tern In North America 2010,Black-necked Stilt,Has Plan
South Atlantic Migratory Bird Initiative Implmentation Plan 2008,Blackpoll Warbler,Has Plan
North American Waterbird Conservation Plan 2002,Black Rail,Has Plan
South Atlantic Migratory Bird Initiative Implmentation Plan 2008,Black Rail,Has Plan
South Atlantic Migratory Bird Initiative Implmentation Plan 2008,Black Scoter,Has Plan
North American Waterbird Conservation Plan 2002,Black Skimmer,Has Plan
Piping Plover 5 Year Review 2020,Black Skimmer,Has Plan
South Atlantic Migratory Bird Initiative Implmentation Plan 2008,Black Skimmer,Has Plan
Status Review And Conservation Recommendations For The Gull-Billed Tern In North America 2010,Black Skimmer,Has Plan
Sand, Shell, and Wrack Active Shoreline,Black Skimmer,Has Habitat
South Atlantic Migratory Bird Initiative Implmentation Plan 2008,Black-throated Blue Warbler,Has Plan
Understanding Declines In The Rusty Blackbird - An Indicator Of Wooded Wetland Health 2005,Black-throated Blue Warbler,Has Plan
Improving Habitat For Forest Thrushes 2003,Black-throated Green Warbler,Has Plan
South Atlantic Migratory Bird Initiative Implmentation Plan 2008,Black-throated Green Warbler,Has Plan
South Atlantic Migratory Bird Initiative Implmentation Plan 2008,Black Vulture,Has Plan
Conservation Plan For The Upland Sandpiper 2010,Blue Jay,Has Plan
Piping Plover 5 Year Review 2020,Blue Jay,Has Plan
North American Waterfowl Management Plan 2018,Blue-winged Teal,Has Plan
South Atlantic Migratory Bird Initiative Implmentation Plan 2008,Blue-winged Teal,Has Plan
Improving Habitat For Forest Thrushes 2003,Red-eyed Vireo,Has Plan
North American Waterfowl Management Plan 2018,Redhead,Has Plan
Piping Plover 5 Year Review 2020,Red Knot,Has Plan
Red Knot Conservation Plan For The Western Hemisphere 2010,Red Knot,Has Plan
Sand, Shell, and Wrack Active Shoreline,Red Knot,Has Habitat
North American Waterbird Conservation Plan 2002,Red-throated Loon,Has Plan
Status Assessment And Conservation Plan For The Henslow's Sparrow 2012,Red-winged Blackbird,Has Plan
Understanding Declines In The Rusty Blackbird - An Indicator Of Wooded Wetland Health 2005,Red-winged Blackbird,Has Plan
North American Waterbird Conservation Plan 2002,Ring-billed Gull,Has Plan
Piping Plover 5 Year Review 2020,Ring-billed Gull,Has Plan
North American Waterfowl Management Plan 2018,Ring-necked Duck,Has Plan
North American Waterbird Conservation Plan 2002,Roseate Tern,Has Plan
Piping Plover 5 Year Review 2020,Roseate Tern,Has Plan
Golden-winged WarblerStatus Review And Conservation Plan 2012,Rose-breasted Grosbeak,Has Plan
North American Waterbird Conservation Plan 2002,Royal Tern,Has Plan
Sand, Shell, and Wrack Active Shoreline,Royal Tern,Has Habitat
Status Review And Conservation Recommendations For The Gull-Billed Tern In North America 2010,Royal Tern,Has Plan
Red Knot Conservation Plan For The Western Hemisphere 2010,Ruddy Turnstone,Has Plan
Sand, Shell, and Wrack Active Shoreline,Ruddy Turnstone,Has Habitat
Status Review And Conservation Recommendations For The Gull-Billed Tern In North America 2010,Ruddy Turnstone,Has Plan
Golden-winged WarblerStatus Review And Conservation Plan 2012,Ruffed Grouse,Has Plan
Golden-winged WarblerStatus Review And Conservation Plan 2012,Rusty Blackbird,Has Plan
Understanding Declines In The Rusty Blackbird - An Indicator Of Wooded Wetland Health 2005,Rusty Blackbird,Has Plan
Conservation Plan For Dunlin With Breeding Populations In North America 2008,Sanderling,Has Plan
Red Knot Conservation Plan For The Western Hemisphere 2010,Sanderling,Has Plan
Sand, Shell, and Wrack Active Shoreline,Sanderling,Has Habitat
North American Waterbird Conservation Plan 2002,Sandwich Tern,Has Plan
Sand, Shell, and Wrack Active Shoreline,Sandwich Tern,Has Habitat
Status Assessment And Conservation For The Grasshopper Sparrow 2015,Savannah Sparrow,Has Plan
Status Assessment And Conservation Plan For The Henslow's Sparrow 2012,Savannah Sparrow,Has Plan
Golden-winged WarblerStatus Review And Conservation Plan 2012,Scarlet Tanager,Has Plan
Improving Habitat For Forest Thrushes 2003,Scarlet Tanager,Has Plan
Status Assessment And Conservation Plan For The Henslow's Sparrow 2012,Sedge Wren,Has Plan
Sand, Shell, and Wrack Active Shoreline,Semipalmated Plover,Has Habitat
Red Knot Conservation Plan For The Western Hemisphere 2010,Semipalmated Sandpiper,Has Plan
Sand, Shell, and Wrack Active Shoreline,Semipalmated Sandpiper,Has Habitat
Conservation Action Plan For Bicknell's Thrush 2010,Sharp-shinned Hawk,Has Plan
Red Knot Conservation Plan For The Western Hemisphere 2010,Short-billed Dowitcher,Has Plan
Sand, Shell, and Wrack Active Shoreline,Short-billed Dowitcher,Has Habitat
Status Assessment And Conservation For The Grasshopper Sparrow 2015,Short-eared Owl,Has Plan
Status Assessment And Conservation Plan For The Henslow's Sparrow 2012,Short-eared Owl,Has Plan
North American Waterbird Conservation Plan 2002,Snowy Egret,Has Plan
Sand, Shell, and Wrack Active Shoreline,Snowy Egret,Has Habitat
Understanding Declines In The Rusty Blackbird - An Indicator Of Wooded Wetland Health 2005,Solitary Sandpiper,Has Plan
Improving Habitat For Forest Thrushes 2003,Song Sparrow,Has Plan
North American Waterbird Conservation Plan 2002,Sora,Has Plan
North American Waterfowl Management Plan 2018,Sora,Has Plan
Sand, Shell, and Wrack Active Shoreline,Stilt Sandpiper,Has Habitat
Conservation Action Plan For Bicknell's Thrush 2010,Swainson's Thrush,Has Plan
Improving Habitat For Forest Thrushes 2003,Swainson's Thrush,Has Plan
Status Assessment And Conservation Plan For The Henslow's Sparrow 2012,Swamp Sparrow,Has Plan
North American Waterbird Conservation Plan 2002,Tricolored Heron,Has Plan
Sand, Shell, and Wrack Active Shoreline,Tricolored Heron,Has Habitat
Conservation Plan For The Upland Sandpiper 2010,Upland Sandpiper,Has Plan
Status Assessment And Conservation For The Grasshopper Sparrow 2015,Upland Sandpiper,Has Plan
Conservation Action Plan For Bicknell's Thrush 2010,Veery,Has Plan
Golden-winged WarblerStatus Review And Conservation Plan 2012,Veery,Has Plan
Improving Habitat For Forest Thrushes 2003,Veery,Has Plan
Status Assessment And Conservation For The Grasshopper Sparrow 2015,Vesper Sparrow,Has Plan
North American Waterbird Conservation Plan 2002,Virginia Rail,Has Plan
Conservation Plan For Dunlin With Breeding Populations In North America 2008,Western Sandpiper,Has Plan
Sand, Shell, and Wrack Active Shoreline,Western Sandpiper,Has Habitat
Piping Plover 5 Year Review 2020,Whimbrel,Has Plan
Red Knot Conservation Plan For The Western Hemisphere 2010,Whimbrel,Has Plan
Sand, Shell, and Wrack Active Shoreline,Whimbrel,Has Habitat
Golden-winged WarblerStatus Review And Conservation Plan 2012,Eastern Whip-poor-will,Has Plan
Golden-winged WarblerStatus Review And Conservation Plan 2012,White-eyed Vireo,Has Plan
North American Waterbird Conservation Plan 2002,White Ibis,Has Plan
Sand, Shell, and Wrack Active Shoreline,White Ibis,Has Habitat
Red Knot Conservation Plan For The Western Hemisphere 2010,White-rumped Sandpiper,Has Plan
Golden-winged WarblerStatus Review And Conservation Plan 2012,White-throated Sparrow,Has Plan
Understanding Declines In The Rusty Blackbird - An Indicator Of Wooded Wetland Health 2005,White-winged Scoter,Has Plan
Golden-winged WarblerStatus Review And Conservation Plan 2012,Wild Turkey,Has Plan
Sand, Shell, and Wrack Active Shoreline,Willet,Has Habitat
Golden-winged WarblerStatus Review And Conservation Plan 2012,Willow Flycatcher,Has Plan
Sand, Shell, and Wrack Active Shoreline,Wilson's Plover,Has Habitat
North American Waterfowl Management Plan 2018,Wood Duck,Has Plan
North American Waterbird Conservation Plan 2002,Wood Stork,Has Plan
Conservation Action Plan For Bicknell's Thrush 2010,Wood Thrush,Has Plan
Golden-winged WarblerStatus Review And Conservation Plan 2012,Wood Thrush,Has Plan
Improving Habitat For Forest Thrushes 2003,Wood Thrush,Has Plan
Golden-winged WarblerStatus Review And Conservation Plan 2012,Yellow-bellied Sapsucker,Has Plan
Golden-winged WarblerStatus Review And Conservation Plan 2012,Yellow-billed Cuckoo,Has Plan
Golden-winged WarblerStatus Review And Conservation Plan 2012,Yellow-breasted Chat,Has Plan
North American Waterbird Conservation Plan 2002,Yellow-crowned Night-Heron,Has Plan
North American Waterbird Conservation Plan 2002,Yellow Rail,Has Plan
Status Assessment And Conservation Plan For The Henslow's Sparrow 2012,Yellow-rumped Warbler,Has Plan
North American Waterbird Conservation Plan 2002,Least Bittern,Has Plan
Status Assessment And Conservation For The Grasshopper Sparrow 2015,Bobolink,Has Plan
Status Assessment And Conservation Plan For The Henslow's Sparrow 2012,Bobolink,Has Plan
North American Waterbird Conservation Plan 2002,Bonaparte's Gull,Has Plan
Sand, Shell, and Wrack Active Shoreline,Bonaparte's Gull,Has Habitat
North American Waterfowl Management Plan 2018,Brant,Has Plan
Red Knot Conservation Plan For The Western Hemisphere 2010,Brant,Has Plan
Status Review And Conservation Recommendations For The Gull-Billed Tern In North America 2010,Brant,Has Plan
Golden-winged WarblerStatus Review And Conservation Plan 2012,Brown-headed Cowbird,Has Plan
Improving Habitat For Forest Thrushes 2003,Brown-headed Cowbird,Has Plan
Status Assessment And Conservation For The Grasshopper Sparrow 2015,Brown-headed Cowbird,Has Plan
Status Assessment And Conservation Plan For The Henslow's Sparrow 2012,Brown-headed Cowbird,Has Plan
Status Assessment And Conservation Plan For The Henslow's Sparrow 2012,Brown-headed Nuthatch,Has Plan
North American Waterbird Conservation Plan 2002,Brown Pelican,Has Plan
Sand, Shell, and Wrack Active Shoreline,Brown Pelican,Has Habitat
Status Review And Conservation Recommendations For The Gull-Billed Tern In North America 2010,Brown Pelican,Has Plan
Golden-winged WarblerStatus Review And Conservation Plan 2012,Brown Thrasher,Has Plan
North American Waterfowl Management Plan 2018,Bufflehead,Has Plan
Golden-winged WarblerStatus Review And Conservation Plan 2012,Canada Warbler,Has Plan
North American Waterfowl Management Plan 2018,Canvasback,Has Plan
North American Waterbird Conservation Plan 2002,Caspian Tern,Has Plan
Sand, Shell, and Wrack Active Shoreline,Caspian Tern,Has Habitat
Status Review And Conservation Recommendations For The Gull-Billed Tern In North America 2010,Caspian Tern,Has Plan
North American Waterbird Conservation Plan 2002,Cattle Egret,Has Plan
Status Assessment And Conservation Plan For The Henslow's Sparrow 2012,Cedar Waxwing,Has Plan
Golden-winged WarblerStatus Review And Conservation Plan 2012,Cerulean Warbler,Has Plan
Status Assessment And Conservation For The Grasshopper Sparrow 2015,Cerulean Warbler,Has Plan
Status Assessment And Conservation Plan For The Henslow's Sparrow 2012,Cerulean Warbler,Has Plan
Understanding Declines In The Rusty Blackbird - An Indicator Of Wooded Wetland Health 2005,Cerulean Warbler,Has Plan
Golden-winged WarblerStatus Review And Conservation Plan 2012,Chestnut-sided Warbler,Has Plan
North American Waterbird Conservation Plan 2002,Clapper Rail,Has Plan
Understanding Declines In The Rusty Blackbird - An Indicator Of Wooded Wetland Health 2005,Common Grackle,Has Plan
North American Waterbird Conservation Plan 2002,Common Loon,Has Plan
Status Review And Conservation Recommendations For The Gull-Billed Tern In North America 2010,Common Raven,Has Plan
North American Waterbird Conservation Plan 2002,Common Tern,Has Plan
Piping Plover 5 Year Review 2020,Common Tern,Has Plan
Sand, Shell, and Wrack Active Shoreline,Common Tern,Has Habitat
Status Review And Conservation Recommendations For The Gull-Billed Tern In North America 2010,Common Tern,Has Plan
Golden-winged WarblerStatus Review And Conservation Plan 2012,Dark-eyed Junco,Has Plan
Status Assessment And Conservation For The Grasshopper Sparrow 2015,Dickcissel,Has Plan
Status Assessment And Conservation Plan For The Henslow's Sparrow 2012,Dickcissel,Has Plan
North American Waterbird Conservation Plan 2002,Double-crested Cormorant,Has Plan
Sand, Shell, and Wrack Active Shoreline,Double-crested Cormorant,Has Habitat
Conservation Plan For Dunlin With Breeding Populations In North America 2008,Dunlin,Has Plan
Red Knot Conservation Plan For The Western Hemisphere 2010,Dunlin,Has Plan
Sand, Shell, and Wrack Active Shoreline,Dunlin,Has Habitat
Status Assessment And Conservation Plan For The Henslow's Sparrow 2012,Eastern Bluebird,Has Plan
Golden-winged WarblerStatus Review And Conservation Plan 2012,Eastern Kingbird,Has Plan
Status Assessment And Conservation For The Grasshopper Sparrow 2015,Eastern Meadowlark,Has Plan
Status Assessment And Conservation Plan For The Henslow's Sparrow 2012,Eastern Meadowlark,Has Plan
Golden-winged WarblerStatus Review And Conservation Plan 2012,Eastern Towhee,Has Plan
Golden-winged WarblerStatus Review And Conservation Plan 2012,Field Sparrow,Has Plan
North American Waterbird Conservation Plan 2002,Forster's Tern,Has Plan
Sand, Shell, and Wrack Active Shoreline,Forster's Tern,Has Habitat
Status Review And Conservation Recommendations For The Gull-Billed Tern In North America 2010,Forster's Tern,Has Plan
North American Waterfowl Management Plan 2018,Gadwall,Has Plan
North American Waterbird Conservation Plan 2002,Glossy Ibis,Has Plan
Golden-winged WarblerStatus Review And Conservation Plan 2012,Golden-winged Warbler,Has Plan
Status Assessment And Conservation For The Grasshopper Sparrow 2015,Grasshopper Sparrow,Has Plan
Status Assessment And Conservation Plan For The Henslow's Sparrow 2012,Grasshopper Sparrow,Has Plan
Golden-winged WarblerStatus Review And Conservation Plan 2012,Gray Catbird,Has Plan
Conservation Action Plan For Bicknell's Thrush 2010,Gray-cheeked Thrush,Has Plan
North American Waterbird Conservation Plan 2002,Great Black-backed Gull,Has Plan
Sand, Shell, and Wrack Active Shoreline,Great Black-backed Gull,Has Habitat
North American Waterbird Conservation Plan 2002,Great Blue Heron,Has Plan
North American Waterbird Conservation Plan 2002,Great Egret,Has Plan
Sand, Shell, and Wrack Active Shoreline,Great Egret,Has Habitat
Red Knot Conservation Plan For The Western Hemisphere 2010,Greater Yellowlegs,Has Plan
Sand, Shell, and Wrack Active Shoreline,Greater Yellowlegs,Has Habitat
Improving Habitat For Forest Thrushes 2003,Great Horned Owl,Has Plan
Piping Plover 5 Year Review 2020,Great Horned Owl,Has Plan
Status Review And Conservation Recommendations For The Gull-Billed Tern In North America 2010,Great Horned Owl,Has Plan
North American Waterbird Conservation Plan 2002,Green Heron,Has Plan
North American Waterfowl Management Plan 2018,Green-winged Teal,Has Plan
North American Waterbird Conservation Plan 2002,Gull-billed Tern,Has Plan
Sand, Shell, and Wrack Active Shoreline,Gull-billed Tern,Has Habitat
Status Review And Conservation Recommendations For The Gull-Billed Tern In North America 2010,Gull-billed Tern,Has Plan
Golden-winged WarblerStatus Review And Conservation Plan 2012,Henslow's Sparrow,Has Plan
Status Assessment And Conservation Plan For The Henslow's Sparrow 2012,Henslow's Sparrow,Has Plan
Golden-winged WarblerStatus Review And Conservation Plan 2012,Hermit Thrush,Has Plan
Improving Habitat For Forest Thrushes 2003,Hermit Thrush,Has Plan
North American Waterbird Conservation Plan 2002,Herring Gull,Has Plan
Red Knot Conservation Plan For The Western Hemisphere 2010,Herring Gull,Has Plan
Sand, Shell, and Wrack Active Shoreline,Herring Gull,Has Habitat
Golden-winged WarblerStatus Review And Conservation Plan 2012,Hooded Warbler,Has Plan
North American Waterbird Conservation Plan 2002,Horned Grebe,Has Plan
Understanding Declines In The Rusty Blackbird - An Indicator Of Wooded Wetland Health 2005,Horned Grebe,Has Plan
Status Assessment And Conservation For The Grasshopper Sparrow 2015,Horned Lark,Has Plan
Golden-winged WarblerStatus Review And Conservation Plan 2012,Indigo Bunting,Has Plan
Conservation Plan For Dunlin With Breeding Populations In North America 2008,Killdeer,Has Plan
Sand, Shell, and Wrack Active Shoreline,Killdeer,Has Habitat
Status Assessment And Conservation Plan For The Henslow's Sparrow 2012,Killdeer,Has Plan
Status Review And Conservation Recommendations For The Gull-Billed Tern In North America 2010,Killdeer,Has Plan
North American Waterbird Conservation Plan 2002,King Rail,Has Plan
Golden-winged WarblerStatus Review And Conservation Plan 2012,Kirtland's Warbler,Has Plan
North American Waterbird Conservation Plan 2002,Laughing Gull,Has Plan
Red Knot Conservation Plan For The Western Hemisphere 2010,Laughing Gull,Has Plan
Status Review And Conservation Recommendations For The Gull-Billed Tern In North America 2010,Laughing Gull,Has Plan
Sand, Shell, and Wrack Active Shoreline,Least Sandpiper,Has Habitat
North American Waterbird Conservation Plan 2002,Least Tern,Has Plan
Piping Plover 5 Year Review 2020,Least Tern,Has Plan
Sand, Shell, and Wrack Active Shoreline,Least Tern,Has Habitat
Status Review And Conservation Recommendations For The Gull-Billed Tern In North America 2010,Least Tern,Has Plan
Understanding Declines In The Rusty Blackbird - An Indicator Of Wooded Wetland Health 2005,Lesser Scaup,Has Plan
Sand, Shell, and Wrack Active Shoreline,Lesser Yellowlegs,Has Habitat
Understanding Declines In The Rusty Blackbird - An Indicator Of Wooded Wetland Health 2005,Lesser Yellowlegs,Has Plan
North American Waterbird Conservation Plan 2002,Little Blue Heron,Has Plan
Golden-winged WarblerStatus Review And Conservation Plan 2012,Loggerhead Shrike,Has Plan
Status Assessment And Conservation For The Grasshopper Sparrow 2015,Loggerhead Shrike,Has Plan
Understanding Declines In The Rusty Blackbird - An Indicator Of Wooded Wetland Health 2005,Loggerhead Shrike,Has Plan
Sand, Shell, and Wrack Active Shoreline,Long-billed Dowitcher,Has Habitat
Conservation Action Plan For Bicknell's Thrush 2010,Louisiana Waterthrush,Has Plan
Golden-winged WarblerStatus Review And Conservation Plan 2012,Magnolia Warbler,Has Plan
Sand, Shell, and Wrack Active Shoreline,Marbled Godwit,Has Habitat
Piping Plover 5 Year Review 2020,Merlin,Has Plan
Sand, Shell, and Wrack Active Shoreline,Mourning Dove,Has Habitat
Golden-winged WarblerStatus Review And Conservation Plan 2012,Nashville Warbler,Has Plan
Golden-winged WarblerStatus Review And Conservation Plan 2012,Northern Bobwhite,Has Plan
Status Assessment And Conservation For The Grasshopper Sparrow 2015,Northern Bobwhite,Has Plan
Golden-winged WarblerStatus Review And Conservation Plan 2012,Northern Flicker,Has Plan
North American Waterbird Conservation Plan 2002,Northern Gannet,Has Plan
Status Assessment And Conservation For The Grasshopper Sparrow 2015,Northern Harrier,Has Plan
Status Assessment And Conservation Plan For The Henslow's Sparrow 2012,Northern Harrier,Has Plan
North American Waterfowl Management Plan 2018,Northern Pintail,Has Plan
North American Waterfowl Management Plan 2018,Northern Shoveler,Has Plan
Conservation Action Plan For Bicknell's Thrush 2010,Olive-sided Flycatcher,Has Plan
Golden-winged WarblerStatus Review And Conservation Plan 2012,Olive-sided Flycatcher,Has Plan
Improving Habitat For Forest Thrushes 2003,Ovenbird,Has Plan
Status Review And Conservation Recommendations For The Gull-Billed Tern In North America 2010,Peregrine Falcon,Has Plan
North American Waterbird Conservation Plan 2002,Pied-billed Grebe,Has Plan
Golden-winged WarblerStatus Review And Conservation Plan 2012,Pine Warbler,Has Plan
Golden-winged WarblerStatus Review And Conservation Plan 2012,Prairie Warbler,Has Plan
Conservation Action Plan For Bicknell's Thrush 2010,Purple Martin,Has Plan
Caves and Mines,Purple Martin,Has Habitat
Improving Habitat For Forest Thrushes 2003,Red-cockaded Woodpecker,Has Plan
North American Waterbird Conservation Plan 2002,Reddish Egret,Has Plan
Sand, Shell, and Wrack Active Shoreline,Reddish Egret,Has Habitat
Golden-winged Warbler ,Golden-Winged Warbler Working Group,Has Species
Bird Conservation Region 29 ,Golden-Winged Warbler Working Group,Has Geography
Southeastern US,Golden-Winged Warbler Working Group,Has Geography
North Carolina,North Carolina Wildlife Resources Commission,Has Geography
Association of Fish and Wildlife Agencies,United States North American Bird Conservation Initiative,Has Organization
American Birding Association,United States North American Bird Conservation Initiative,Has Organization
American Bird Conservancy,United States North American Bird Conservation Initiative,Has Organization
Avian Knowledge Network,United States North American Bird Conservation Initiative,Has Organization
Bird Conservancy of the Rockies,United States North American Bird Conservation Initiative,Has Organization
Biodiversity Research Institute,United States North American Bird Conservation Initiative,Has Organization
United States Bureau of Land Management,United States North American Bird Conservation Initiative,Has Organization
Cornell Lab of Ornithology,United States North American Bird Conservation Initiative,Has Organization
United States Department of Defense,United States North American Bird Conservation Initiative,Has Organization
Ducks Unlimited,United States North American Bird Conservation Initiative,Has Organization
United States Department of Agriculture Farm Services Agency,United States North American Bird Conservation Initiative,Has Organization
Institute for Bird Populations,United States North American Bird Conservation Initiative,Has Organization
Migratory Bird Joint Ventures,United States North American Bird Conservation Initiative,Has Organization
National Audubon Society,United States North American Bird Conservation Initiative,Has Organization
National Flyway Council,United States North American Bird Conservation Initiative,Has Organization
United States National Park Service,United States North American Bird Conservation Initiative,Has Organization
United States Natural Resources Conservation Science,United States North American Bird Conservation Initiative,Has Organization
The Nature Conservancy,United States North American Bird Conservation Initiative,Has Organization
Partners In Flight,United States North American Bird Conservation Initiative,Has Organization
Smithsonian Migratory Bird Center,United States North American Bird Conservation Initiative,Has Organization
United States Forest Service,United States North American Bird Conservation Initiative,Has Organization
United States Geological Survey,United States North American Bird Conservation Initiative,Has Organization
The Wildlife Society,United States North American Bird Conservation Initiative,Has Organization
Audubon Florida,American Oystercatcher Working Group,Has Organization
Audubon Texas,American Oystercatcher Working Group,Has Organization
BiodiversityWorks,American Oystercatcher Working Group,Has Organization
Clemson University,American Oystercatcher Working Group,Has Organization
College of William and Mary,American Oystercatcher Working Group,Has Organization
Conserve Wildlife Foundation of New Jersey,American Oystercatcher Working Group,Has Organization
City University of New York,American Oystercatcher Working Group,Has Organization
Delaware Division of Fish and Wildlife,American Oystercatcher Working Group,Has Organization
Ecostudies Institute,American Oystercatcher Working Group,Has Organization
Environmental Institute of Houston,American Oystercatcher Working Group,Has Organization
Florida Fish and Wildlife Conservation Commission,American Oystercatcher Working Group,Has Organization
Georgia Department of Natural Resources,American Oystercatcher Working Group,Has Organization
Gulf Coast Bird Observatory,American Oystercatcher Working Group,Has Organization
Kino Bay Center for Cultural and Ecological Studies,American Oystercatcher Working Group,Has Organization
Louisiana Department of Wildlife and Fisheries,American Oystercatcher Working Group,Has Organization
Manomet Center for Conservation Sciences,American Oystercatcher Working Group,Has Organization
Maryland Department of Natural Resources,American Oystercatcher Working Group,Has Organization
Massachusetts Audubon,American Oystercatcher Working Group,Has Organization
Nantucket Conservation Foundation,American Oystercatcher Working Group,Has Organization
National Audubon Society,American Oystercatcher Working Group,Has Organization
National Fish and Wildlife Foundation,American Oystercatcher Working Group,Has Organization
National Park Service,American Oystercatcher Working Group,Has Organization
New Jersey Audubon,American Oystercatcher Working Group,Has Organization
New Jersey Division of Fish and Wildlife,American Oystercatcher Working Group,Has Organization
New York City Audubon,American Oystercatcher Working Group,Has Organization
North Carolina State University,American Oystercatcher Working Group,Has Organization
Rutgers University,American Oystercatcher Working Group,Has Organization
South Carolina DNR,American Oystercatcher Working Group,Has Organization
Texas A&M University Kingsville,American Oystercatcher Working Group,Has Organization
Texas State University,American Oystercatcher Working Group,Has Organization
The Nature Conservancy,American Oystercatcher Working Group,Has Organization
Trent University,American Oystercatcher Working Group,Has Organization
University of Georgia,American Oystercatcher Working Group,Has Organization
University of Houston Clear Lake,American Oystercatcher Working Group,Has Organization
U.S. Fish and Wildlife Service,American Oystercatcher Working Group,Has Organization
U.S. Geological Survey,American Oystercatcher Working Group,Has Organization
Virginia Department of Game and Inland Fisheries,American Oystercatcher Working Group,Has Organization
Wildlife Conservation Society,American Oystercatcher Working Group,Has Organization
North Carolina,North Carolina Audubon Society,Has Geography
United States,United States Shorebird Conservation Partnership,Has Geography
United States,United States Fish and Wildlife Service,Has Geography
North Carolina,North Carolina Colonial Waterbird Surveys,Has Geography
North Carolina State Parks,North Carolina Birding Trail,Has Organization
North Carolina State University,North Carolina Birding Trail,Has Organization
North Carolina Sea Grant,North Carolina Birding Trail,Has Organization
North Carolina,North Carolina Wildlife Action Plan,Has Geography
Virginia,South Atlantic Migratory Bird Initiative Implementation Plan 2008,Has Geography
North Carolina,South Atlantic Migratory Bird Initiative Implementation Plan 2008,Has Geography
South Carolina,South Atlantic Migratory Bird Initiative Implementation Plan 2008,Has Geography
Georgia,South Atlantic Migratory Bird Initiative Implementation Plan 2008,Has Geography
Florida,South Atlantic Migratory Bird Initiative Implementation Plan 2008,Has Geography
Bird Conservation Region 77,South Atlantic Migratory Bird Initiative Implementation Plan 2008,Has Geography
Bird Conservation Region 74,South Atlantic Migratory Bird Initiative Implementation Plan 2008,Has Geography
South Atlantic Migratory Bird Initiative,South Atlantic Migratory Bird Initiative Implementation Plan 2008,Has Organization
Atlantic Coast Joint Venture,South Atlantic Migratory Bird Initiative Implementation Plan 2008,Has Organization
Southeast Quail Study Group,South Atlantic Migratory Bird Initiative Implementation Plan 2008,Has Organization
Atlantic Coast Joint Venture,South Atlantic Migratory Bird Initiative Implementation Plan 2008,Has Organization
The Nature Conservancy,South Atlantic Migratory Bird Initiative Implementation Plan 2008,Has Organization
Ducks Unlimited,South Atlantic Migratory Bird Initiative Implementation Plan 2008,Has Organization
Smithsonian Institute,South Atlantic Migratory Bird Initiative Implementation Plan 2008,Has Organization
American Bird Conservancy,South Atlantic Migratory Bird Initiative Implementation Plan 2008,Has Organization
National Audubon Society,South Atlantic Migratory Bird Initiative Implementation Plan 2008,Has Organization
Partners in Flight,South Atlantic Migratory Bird Initiative Implementation Plan 2008,Has Organization
North Carolina Natural Heritage Program,South Atlantic Migratory Bird Initiative Implementation Plan 2008,Has Organization
Association of Fish and Wildlife Agencies,South Atlantic Migratory Bird Initiative Implementation Plan 2008,Has Organization
Center for Conservation Biology,South Atlantic Migratory Bird Initiative Implementation Plan 2008,Has Organization
United States Geological Service,South Atlantic Migratory Bird Initiative Implementation Plan 2008,Has Organization
North Carolina State University,South Atlantic Migratory Bird Initiative Implementation Plan 2008,Has Organization
National Fish and Wildlife Foundation,South Atlantic Migratory Bird Initiative Implementation Plan 2008,Has Organization
United States Department of Agriculture,South Atlantic Migratory Bird Initiative Implementation Plan 2008,Has Organization
Manomet Center for Conservation Sciences,South Atlantic Migratory Bird Initiative Implementation Plan 2008,Has Organization
North Carolina Partners in Flight,South Atlantic Migratory Bird Initiative Implementation Plan 2008,Has Organization
Southeast Association of Fish and Wildlife Agencies,South Atlantic Migratory Bird Initiative Implementation Plan 2008,Has Organization
American Golden-Plover,South Atlantic Migratory Bird Initiative Implementation Plan 2008,Has Species
American White Pelican,South Atlantic Migratory Bird Initiative Implementation Plan 2008,Has Species
Audubon's Shearwater,South Atlantic Migratory Bird Initiative Implementation Plan 2008,Has Species
Band-rumped Storm-Petrel,South Atlantic Migratory Bird Initiative Implementation Plan 2008,Has Species
Bermuda Petrel,South Atlantic Migratory Bird Initiative Implementation Plan 2008,Has Species
Bicknell's Thrush,South Atlantic Migratory Bird Initiative Implementation Plan 2008,Has Species
Black Tern,South Atlantic Migratory Bird Initiative Implementation Plan 2008,Has Species
Black-capped Petrel,South Atlantic Migratory Bird Initiative Implementation Plan 2008,Has Species
Bridled Tern,South Atlantic Migratory Bird Initiative Implementation Plan 2008,Has Species
Buff-breasted Sandpiper,South Atlantic Migratory Bird Initiative Implementation Plan 2008,Has Species
Burrowing Owl,South Atlantic Migratory Bird Initiative Implementation Plan 2008,Has Species
Common Ground Dove,South Atlantic Migratory Bird Initiative Implementation Plan 2008,Has Species
Common Moorhen,South Atlantic Migratory Bird Initiative Implementation Plan 2008,Has Species
Cory's Shearwater,South Atlantic Migratory Bird Initiative Implementation Plan 2008,Has Species
Great Shearwater,South Atlantic Migratory Bird Initiative Implementation Plan 2008,Has Species
Limpkin,South Atlantic Migratory Bird Initiative Implementation Plan 2008,Has Species
Long-billed Curlew,South Atlantic Migratory Bird Initiative Implementation Plan 2008,Has Species
Mallard,South Atlantic Migratory Bird Initiative Implementation Plan 2008,Has Species
Mallard,South Atlantic Migratory Bird Initiative Implementation Plan 2008,Has Species
Manx Shearwater,South Atlantic Migratory Bird Initiative Implementation Plan 2008,Has Species
Mottled Duck,South Atlantic Migratory Bird Initiative Implementation Plan 2008,Has Species
Purple Gallinule,South Atlantic Migratory Bird Initiative Implementation Plan 2008,Has Species
Razorbill,South Atlantic Migratory Bird Initiative Implementation Plan 2008,Has Species
Red Phalarope,South Atlantic Migratory Bird Initiative Implementation Plan 2008,Has Species
Sandhill Crane,South Atlantic Migratory Bird Initiative Implementation Plan 2008,Has Species
Sandhill Crane,South Atlantic Migratory Bird Initiative Implementation Plan 2008,Has Species
Snowy Plover,South Atlantic Migratory Bird Initiative Implementation Plan 2008,Has Species
White-tailed Tropicbird,South Atlantic Migratory Bird Initiative Implementation Plan 2008,Has Species
Whooping Crane,South Atlantic Migratory Bird Initiative Implementation Plan 2008,Has Species
Wilson's Phalarope,South Atlantic Migratory Bird Initiative Implementation Plan 2008,Has Species
North Carolina,North Carolina Wildlife Action Plan 2015,Has Geography
North Carolina,American Woodcock Management Plan 1990,Has Geography
Ruff,American Woodcock Management Plan 1990,Has Species
Ducks Unlimited,American Woodcock Management Plan 1990,Has Organization
North America,Partners In Flight Landbird Conservation Plan 2016,Has Geography
Cornell Lab of Ornithology,Partners In Flight Landbird Conservation Plan 2016,Has Organization
Bird Studies Canada,Partners In Flight Landbird Conservation Plan 2016,Has Organization
Smithsonian Institute,Partners In Flight Landbird Conservation Plan 2016,Has Organization
Partners in Flight,Partners In Flight Landbird Conservation Plan 2016,Has Organization
Ducks Unlimited,Partners In Flight Landbird Conservation Plan 2016,Has Organization
American Bird Conservancy,Partners In Flight Landbird Conservation Plan 2016,Has Organization
BirdLife International,Partners In Flight Landbird Conservation Plan 2016,Has Organization
Carolina Bird Club,Partners In Flight Landbird Conservation Plan 2016,Has Organization
United States Department of Agriculture,Partners In Flight Landbird Conservation Plan 2016,Has Organization
United States Geological Service,Partners In Flight Landbird Conservation Plan 2016,Has Organization
Band-tailed Pigeon,Partners In Flight Landbird Conservation Plan 2016,Has Species
Long-eared Owl,Partners In Flight Landbird Conservation Plan 2016,Has Species
Snowy Owl,Partners In Flight Landbird Conservation Plan 2016,Has Species
Chestnut-collared Longspur,Partners In Flight Landbird Conservation Plan 2016,Has Species
Passenger Pigeon,Partners In Flight Landbird Conservation Plan 2016,Has Species
Lark Bunting,Partners In Flight Landbird Conservation Plan 2016,Has Species
Varied Thrush,Partners In Flight Landbird Conservation Plan 2016,Has Species
Wilson's Warbler,Partners In Flight Landbird Conservation Plan 2016,Has Species
American Tree Sparrow,Partners In Flight Landbird Conservation Plan 2016,Has Species
Black-headed Grosbeak,Partners In Flight Landbird Conservation Plan 2016,Has Species
Spotted Towhee,Partners In Flight Landbird Conservation Plan 2016,Has Species
Allen's Hummingbird,Partners In Flight Landbird Conservation Plan 2016,Has Species
Sprague's Pipit,Partners In Flight Landbird Conservation Plan 2016,Has Species
Green-tailed Towhee,Partners In Flight Landbird Conservation Plan 2016,Has Species
Scissor-tailed Flycatcher,Partners In Flight Landbird Conservation Plan 2016,Has Species
Harris's Sparrow,Partners In Flight Landbird Conservation Plan 2016,Has Species
Sandhill Crane,Partners In Flight Landbird Conservation Plan 2016,Has Species
Lapland Longspur,Partners In Flight Landbird Conservation Plan 2016,Has Species
Snow Bunting,Partners In Flight Landbird Conservation Plan 2016,Has Species
Rough-legged Hawk,Partners In Flight Landbird Conservation Plan 2016,Has Species
Calliope Hummingbird,Partners In Flight Landbird Conservation Plan 2016,Has Species
Yellow-bellied Flycatcher,Partners In Flight Landbird Conservation Plan 2016,Has Species
Bicknell's Thrush,Partners In Flight Landbird Conservation Plan 2016,Has Species
Western Tanager,Partners In Flight Landbird Conservation Plan 2016,Has Species
Ruff,Partners In Flight Landbird Conservation Plan 2016,Has Species
Northern Goshawk,Partners In Flight Landbird Conservation Plan 2016,Has Species
Snail Kite,Partners In Flight Landbird Conservation Plan 2016,Has Species
White-tailed Kite,Partners In Flight Landbird Conservation Plan 2016,Has Species
Swainson's Hawk,Partners In Flight Landbird Conservation Plan 2016,Has Species
White-winged Dove,Partners In Flight Landbird Conservation Plan 2016,Has Species
Smooth-billed Ani,Partners In Flight Landbird Conservation Plan 2016,Has Species
Burrowing Owl,Partners In Flight Landbird Conservation Plan 2016,Has Species
Antillean Nighthawk,Partners In Flight Landbird Conservation Plan 2016,Has Species
Lesser Nighthawk,Partners In Flight Landbird Conservation Plan 2016,Has Species
Anna's Hummingbird,Partners In Flight Landbird Conservation Plan 2016,Has Species
Black-chinned Hummingbird,Partners In Flight Landbird Conservation Plan 2016,Has Species
Broad-billed Hummingbird,Partners In Flight Landbird Conservation Plan 2016,Has Species
Broad-tailed Hummingbird,Partners In Flight Landbird Conservation Plan 2016,Has Species
Buff-bellied Hummingbird,Partners In Flight Landbird Conservation Plan 2016,Has Species
Crested Caracara,Partners In Flight Landbird Conservation Plan 2016,Has Species
Gray Flycatcher,Partners In Flight Landbird Conservation Plan 2016,Has Species
Say's Phoebe,Partners In Flight Landbird Conservation Plan 2016,Has Species
Vermilion Flycatcher,Partners In Flight Landbird Conservation Plan 2016,Has Species
Ash-throated Flycatcher,Partners In Flight Landbird Conservation Plan 2016,Has Species
Gray Kingbird,Partners In Flight Landbird Conservation Plan 2016,Has Species
Tropical Kingbird,Partners In Flight Landbird Conservation Plan 2016,Has Species
Western Kingbird,Partners In Flight Landbird Conservation Plan 2016,Has Species
Bell's Vireo,Partners In Flight Landbird Conservation Plan 2016,Has Species
Northern Shrike,Partners In Flight Landbird Conservation Plan 2016,Has Species
Black-whiskered Vireo,Partners In Flight Landbird Conservation Plan 2016,Has Species
Cave Swallow,Partners In Flight Landbird Conservation Plan 2016,Has Species
Northern Wheatear,Partners In Flight Landbird Conservation Plan 2016,Has Species
Townsend's Solitaire,Partners In Flight Landbird Conservation Plan 2016,Has Species
Sage Thrasher,Partners In Flight Landbird Conservation Plan 2016,Has Species
White Wagtail,Partners In Flight Landbird Conservation Plan 2016,Has Species
Smith's Longspur,Partners In Flight Landbird Conservation Plan 2016,Has Species
MacGillivray's Warbler,Partners In Flight Landbird Conservation Plan 2016,Has Species
Mourning Warbler,Partners In Flight Landbird Conservation Plan 2016,Has Species
Black-throated Gray Warbler,Partners In Flight Landbird Conservation Plan 2016,Has Species
Townsend's Warbler,Partners In Flight Landbird Conservation Plan 2016,Has Species
Cassin's Sparrow,Partners In Flight Landbird Conservation Plan 2016,Has Species
Golden-crowned Sparrow,Partners In Flight Landbird Conservation Plan 2016,Has Species
Lazuli Bunting,Partners In Flight Landbird Conservation Plan 2016,Has Species
Yellow-headed Blackbird,Partners In Flight Landbird Conservation Plan 2016,Has Species
Shiny Cowbird,Partners In Flight Landbird Conservation Plan 2016,Has Species
Bullock's Oriole,Partners In Flight Landbird Conservation Plan 2016,Has Species
Hooded Oriole,Partners In Flight Landbird Conservation Plan 2016,Has Species
Scott's Oriole,Partners In Flight Landbird Conservation Plan 2016,Has Species
House Finch,Partners In Flight Landbird Conservation Plan 2016,Has Species
Common Redpoll,Partners In Flight Landbird Conservation Plan 2016,Has Species
Lesser Goldfinch,Partners In Flight Landbird Conservation Plan 2016,Has Species
White-winged Crossbill,Partners In Flight Landbird Conservation Plan 2016,Has Species
Atlantic Flyway,Atlantic Flyway Shorebird Business Strategy 2013,Has Geography
Snowy Plover,Atlantic Flyway Shorebird Business Strategy 2013,Has Species
Baird's Sandpiper,Atlantic Flyway Shorebird Business Strategy 2013,Has Species
Buff-breasted Sandpiper,Atlantic Flyway Shorebird Business Strategy 2013,Has Species
Smithsonian Institute,Atlantic Flyway Shorebird Business Strategy 2013,Has Organization
American Bird Conservancy,Atlantic Flyway Shorebird Business Strategy 2013,Has Organization
National Audubon Society,Atlantic Flyway Shorebird Business Strategy 2013,Has Organization
National Fish and Wildlife Foundation,Atlantic Flyway Shorebird Business Strategy 2013,Has Organization
Center for Conservation Biology,Atlantic Flyway Shorebird Business Strategy 2013,Has Organization
Quail Unlimited,Atlantic Flyway Shorebird Business Strategy 2013,Has Organization
Atlantic Flyway,Conservation Plan For The American Oystercatcher 2007,Has Geography
North Carolina State University,Conservation Plan For The American Oystercatcher 2007,Has Organization
USGS North Carolina Cooperative Fish and Wildlife Research Unit,Conservation Plan For The American Oystercatcher 2007,Has Organization
Manomet Center for Conservation Sciences,Conservation Plan For The American Oystercatcher 2007,Has Organization
Western Hemisphere Shorebird Reserve Network,Conservation Plan For The American Oystercatcher 2007,Has Organization
National Fish and Wildlife Foundation,Conservation Plan For The American Oystercatcher 2007,Has Organization
United States Geological Service,Conservation Plan For The American Oystercatcher 2007,Has Organization
Ducks Unlimited,Conservation Plan For The American Oystercatcher 2007,Has Organization
Smithsonian Institute,Conservation Plan For The American Oystercatcher 2007,Has Organization
National Audubon Society,Conservation Plan For The American Oystercatcher 2007,Has Organization
United States National Park Service,Conservation Plan For The American Oystercatcher 2007,Has Organization
The Nature Conservancy,Conservation Plan For The American Oystercatcher 2007,Has Organization
Atlantic Coast Joint Venture,Conservation Plan For The American Oystercatcher 2007,Has Organization
Center for Conservation Biology,Conservation Plan For The American Oystercatcher 2007,Has Organization
College of William and Mary,Conservation Plan For The American Oystercatcher 2007,Has Organization
American Bird Conservancy,Conservation Plan For The American Oystercatcher 2007,Has Organization
United States Department of Agriculture,Conservation Plan For The American Oystercatcher 2007,Has Organization
Virginia Division of Game and Inland Fisheries,Conservation Plan For The American Oystercatcher 2007,Has Organization
North Carolina,Conservation Action Plan For The Cerulean Warbler 2007,Has Geography
Partners in Flight,Conservation Action Plan For The Cerulean Warbler 2007,Has Organization
United States Department of Agriculture,Conservation Action Plan For The Cerulean Warbler 2007,Has Organization
American Bird Conservancy,Conservation Action Plan For The Cerulean Warbler 2007,Has Organization
United States Geological Service,Conservation Action Plan For The Cerulean Warbler 2007,Has Organization
The Nature Conservancy,Conservation Action Plan For The Cerulean Warbler 2007,Has Organization
United States,Golden-Winged Warbler Status Review And Conservation Plan 2012,Has Geography
Ruff,Golden-Winged Warbler Status Review And Conservation Plan 2012,Has Species
Mourning Warbler,Golden-Winged Warbler Status Review And Conservation Plan 2012,Has Species
Northern Shrike,Golden-Winged Warbler Status Review And Conservation Plan 2012,Has Species
Passenger Pigeon,Golden-Winged Warbler Status Review And Conservation Plan 2012,Has Species
Partners in Flight,Golden-Winged Warbler Status Review And Conservation Plan 2012,Has Organization
Institute for Bird Populations,Golden-Winged Warbler Status Review And Conservation Plan 2012,Has Organization
Smithsonian Institute,Golden-Winged Warbler Status Review And Conservation Plan 2012,Has Organization
Environment Canada,Golden-Winged Warbler Status Review And Conservation Plan 2012,Has Organization
Ducks Unlimited,Golden-Winged Warbler Status Review And Conservation Plan 2012,Has Organization
Atlantic Coast Joint Venture,Golden-Winged Warbler Status Review And Conservation Plan 2012,Has Organization
United States National Park Service,Golden-Winged Warbler Status Review And Conservation Plan 2012,Has Organization
The Nature Conservancy,Golden-Winged Warbler Status Review And Conservation Plan 2012,Has Organization
United States Department of Agriculture,Golden-Winged Warbler Status Review And Conservation Plan 2012,Has Organization
North Carolina State University,Golden-Winged Warbler Status Review And Conservation Plan 2012,Has Organization
Bird Studies Canada,Golden-Winged Warbler Status Review And Conservation Plan 2012,Has Organization
National Audubon Society,Golden-Winged Warbler Status Review And Conservation Plan 2012,Has Organization
Natureserve,Golden-Winged Warbler Status Review And Conservation Plan 2012,Has Organization
National Wildlife Federation,Golden-Winged Warbler Status Review And Conservation Plan 2012,Has Organization
Center for Conservation Biology,Golden-Winged Warbler Status Review And Conservation Plan 2012,Has Organization
College of William and Mary,Golden-Winged Warbler Status Review And Conservation Plan 2012,Has Organization
Quail Unlimited,Golden-Winged Warbler Status Review And Conservation Plan 2012,Has Organization
Town of Cary,Golden-Winged Warbler Status Review And Conservation Plan 2012,Has Organization
North Carolina,Atlantic Coastal Plain,Has Geography
North Carolina,Southern Blue Ridge,Has Geography
North Carolina,Piedmont,Has Geography
North Carolina,Sandhills,Has Geography
Swallow-Tailed Kite,Bird Conservation Region 27,Has Species
Mallard,Bird Conservation Region 27,Has Species
