file_wiki,keyword_wiki,type
Action Plan For North America's Birds,Cornell Lab of Ornithology,org
Action Plan For North America's Birds,National Audubon Society,org
Action Plan For North America's Birds,Partners in Flight,org
American Woodcock Management Plan 1990,Ducks Unlimited,org
American Woodcock Management Plan 1990,American Woodcock,spp
American Woodcock Management Plan 1990,Ruff,spp
American Woodcock Management Plan 1990,Ruffed Grouse,spp
Atlantic Flyway Shorebird Business Strategy 2013,Smithsonian Institute,org
Atlantic Flyway Shorebird Business Strategy 2013,Willet,spp
Atlantic Flyway Shorebird Business Strategy 2013,United States Fish and Wildlife Service,org
Atlantic Flyway Shorebird Business Strategy 2013,American Bird Conservancy,org
Atlantic Flyway Shorebird Business Strategy 2013,National Audubon Society,org
Atlantic Flyway Shorebird Business Strategy 2013,National Fish and Wildlife Foundation,org
Atlantic Flyway Shorebird Business Strategy 2013,Piping Plover,spp
Atlantic Flyway Shorebird Business Strategy 2013,Red Knot,spp
Atlantic Flyway Shorebird Business Strategy 2013,Snowy Plover,spp
Atlantic Flyway Shorebird Business Strategy 2013,Center for Conservation Biology,org
Atlantic Flyway Shorebird Business Strategy 2013,Whimbrel,spp
Atlantic Flyway Shorebird Business Strategy 2013,Baird's Sandpiper,spp
Atlantic Flyway Shorebird Business Strategy 2013,American Oystercatcher,spp
Atlantic Flyway Shorebird Business Strategy 2013,Buff-breasted Sandpiper,spp
Atlantic Flyway Shorebird Business Strategy 2013,Semipalmated Sandpiper,spp
Atlantic Flyway Shorebird Business Strategy 2013,Sanderling,spp
Atlantic Flyway Shorebird Business Strategy 2013,Greater Yellowlegs,spp
Atlantic Flyway Shorebird Business Strategy 2013,Lesser Yellowlegs,spp
Atlantic Flyway Shorebird Business Strategy 2013,Quail Unlimited,org
Atlantic Flyway Shorebird Business Strategy 2013,Wilson's Plover,spp
Atlantic Flyway Shorebird Business Strategy 2013,Marbled Godwit,spp
Atlantic Flyway Shorebird Business Strategy 2013,Purple Sandpiper,spp
Atlantic Flyway Shorebird Business Strategy 2013,Ruddy Turnstone,spp
Atlantic Flyway Shorebird Business Strategy 2013,Red-necked Phalarope,spp
Atlantic Flyway Shorebird Business Strategy 2013,Dunlin,spp
Conservation Action Plan For Bicknell's Thrush 2010,Bicknell's Thrush,spp
Conservation Action Plan For Bicknell's Thrush 2010,Bird Studies Canada,org
Conservation Action Plan For Bicknell's Thrush 2010,United States Fish and Wildlife Service,org
Conservation Action Plan For Bicknell's Thrush 2010,United States Department of Agriculture,org
Conservation Action Plan For Bicknell's Thrush 2010,The Nature Conservancy,org
Conservation Action Plan For Bicknell's Thrush 2010,United States National Park Service,org
Conservation Action Plan For Bicknell's Thrush 2010,Gray-cheeked Thrush,spp
Conservation Action Plan For Bicknell's Thrush 2010,Environment Canada,org
Conservation Action Plan For Bicknell's Thrush 2010,Partners in Flight,org
Conservation Action Plan For Bicknell's Thrush 2010,Natureserve,org
Conservation Action Plan For Bicknell's Thrush 2010,Olive-sided Flycatcher,spp
Conservation Action Plan For Bicknell's Thrush 2010,Sharp-shinned Hawk,spp
Conservation Action Plan For Bicknell's Thrush 2010,Louisiana Waterthrush,spp
Conservation Action Plan For Bicknell's Thrush 2010,Wilson's Warbler,spp
Conservation Action Plan For Bicknell's Thrush 2010,Black-capped Petrel,spp
Conservation Action Plan For Bicknell's Thrush 2010,Wildlife Conservation Society,org
Conservation Action Plan For Bicknell's Thrush 2010,American Redstart,spp
Conservation Action Plan For Bicknell's Thrush 2010,Purple Martin,spp
Conservation Action Plan For Bicknell's Thrush 2010,Wood Thrush,spp
Conservation Action Plan For Bicknell's Thrush 2010,Swainson's Thrush,spp
Conservation Action Plan For Bicknell's Thrush 2010,BirdLife International,org
Conservation Action Plan For Bicknell's Thrush 2010,Sandhill Crane,spp
Conservation Action Plan For Bicknell's Thrush 2010,American Bird Conservancy,org
Conservation Action Plan For Bicknell's Thrush 2010,Veery,spp
Conservation Action Plan For The Black-Capped Petrel 2012,Black-capped Petrel,spp
Conservation Action Plan For The Black-Capped Petrel 2012,Cornell Lab of Ornithology,org
Conservation Action Plan For The Black-Capped Petrel 2012,American Bird Conservancy,org
Conservation Action Plan For The Black-Capped Petrel 2012,United States Fish and Wildlife Service,org
Conservation Action Plan For The Black-Capped Petrel 2012,Bermuda Petrel,spp
Conservation Action Plan For The Black-Capped Petrel 2012,National Audubon Society,org
Conservation Action Plan For The Black-Capped Petrel 2012,BirdLife International,org
Conservation Action Plan For The Black-Capped Petrel 2012,Sandhill Crane,spp
Conservation Action Plan For The Black-Capped Petrel 2012,Smithsonian Institute,org
Conservation Action Plan For The Black-Capped Petrel 2012,American Birding Association,org
Conservation Action Plan For The Cerulean Warbler 2007,Cerulean Warbler,spp
Conservation Action Plan For The Cerulean Warbler 2007,United States Fish and Wildlife Service,org
Conservation Action Plan For The Cerulean Warbler 2007,Partners in Flight,org
Conservation Action Plan For The Cerulean Warbler 2007,United States Department of Agriculture,org
Conservation Action Plan For The Cerulean Warbler 2007,American Bird Conservancy,org
Conservation Action Plan For The Cerulean Warbler 2007,United States Geological Service,org
Conservation Action Plan For The Cerulean Warbler 2007,The Nature Conservancy,org
Conservation Plan For Dunlin With Breeding Populations In North America 2008,Ducks Unlimited,org
Conservation Plan For Dunlin With Breeding Populations In North America 2008,United States Geological Service,org
Conservation Plan For Dunlin With Breeding Populations In North America 2008,United States Fish and Wildlife Service,org
Conservation Plan For Dunlin With Breeding Populations In North America 2008,Manomet Center for Conservation Sciences,org
Conservation Plan For Dunlin With Breeding Populations In North America 2008,Western Hemisphere Shorebird Reserve Network,org
Conservation Plan For Dunlin With Breeding Populations In North America 2008,National Fish and Wildlife Foundation,org
Conservation Plan For Dunlin With Breeding Populations In North America 2008,Dunlin,spp
Conservation Plan For Dunlin With Breeding Populations In North America 2008,Smithsonian Institute,org
Conservation Plan For Dunlin With Breeding Populations In North America 2008,Carolina Bird Club,org
Conservation Plan For Dunlin With Breeding Populations In North America 2008,American Bird Conservancy,org
Conservation Plan For Dunlin With Breeding Populations In North America 2008,BirdLife International,org
Conservation Plan For Dunlin With Breeding Populations In North America 2008,Natureserve,org
Conservation Plan For Dunlin With Breeding Populations In North America 2008,United States North American Bird Conservation Initiative,org
Conservation Plan For Dunlin With Breeding Populations In North America 2008,National Audubon Society,org
Conservation Plan For Dunlin With Breeding Populations In North America 2008,The Nature Conservancy,org
Conservation Plan For Dunlin With Breeding Populations In North America 2008,United States National Park Service,org
Conservation Plan For Dunlin With Breeding Populations In North America 2008,Western Sandpiper,spp
Conservation Plan For Dunlin With Breeding Populations In North America 2008,Environment Canada,org
Conservation Plan For Dunlin With Breeding Populations In North America 2008,Partners in Flight,org
Conservation Plan For Dunlin With Breeding Populations In North America 2008,Sanderling,spp
Conservation Plan For Dunlin With Breeding Populations In North America 2008,Cornell Lab of Ornithology,org
Conservation Plan For Dunlin With Breeding Populations In North America 2008,Killdeer,spp
Conservation Plan For The American Black Duck 2011,Ducks Unlimited,org
Conservation Plan For The American Black Duck 2011,United States Fish and Wildlife Service,org
Conservation Plan For The American Black Duck 2011,Environment Canada,org
Conservation Plan For The American Black Duck 2011,American Black Duck,spp
Conservation Plan For The American Black Duck 2011,Atlantic Coast Joint Venture,org
Conservation Plan For The American Black Duck 2011,Carolina Bird Club,org
Conservation Plan For The American Black Duck 2011,Institute for Bird Populations,org
Conservation Plan For The American Black Duck 2011,Brant,spp
Conservation Plan For The American Black Duck 2011,Canada Goose,spp
Conservation Plan For The American Black Duck 2011,Mallard,spp
Conservation Plan For The American Black Duck 2011,United States Geological Service,org
Conservation Plan For The American Black Duck 2011,Piping Plover,spp
Conservation Plan For The American Black Duck 2011,Mute Swan,spp
Conservation Plan For The American Black Duck 2011,The Nature Conservancy,org
Conservation Plan For The American Black Duck 2011,North Carolina Wildlife Resources Commission,org
Conservation Plan For The American Black Duck 2011,United States Department of Agriculture,org
Conservation Plan For The American Oystercatcher 2007,American Oystercatcher,spp
Conservation Plan For The American Oystercatcher 2007,North Carolina State University,org
Conservation Plan For The American Oystercatcher 2007,USGS North Carolina Cooperative Fish and Wildlife Research Unit,org
Conservation Plan For The American Oystercatcher 2007,Manomet Center for Conservation Sciences,org
Conservation Plan For The American Oystercatcher 2007,United States Fish and Wildlife Service,org
Conservation Plan For The American Oystercatcher 2007,Western Hemisphere Shorebird Reserve Network,org
Conservation Plan For The American Oystercatcher 2007,National Fish and Wildlife Foundation,org
Conservation Plan For The American Oystercatcher 2007,United States Geological Service,org
Conservation Plan For The American Oystercatcher 2007,American Oystercatcher Working Group,org
Conservation Plan For The American Oystercatcher 2007,Ducks Unlimited,org
Conservation Plan For The American Oystercatcher 2007,Smithsonian Institute,org
Conservation Plan For The American Oystercatcher 2007,National Audubon Society,org
Conservation Plan For The American Oystercatcher 2007,American Crow,spp
Conservation Plan For The American Oystercatcher 2007,Fish Crow,spp
Conservation Plan For The American Oystercatcher 2007,Great Black-backed Gull,spp
Conservation Plan For The American Oystercatcher 2007,Herring Gull,spp
Conservation Plan For The American Oystercatcher 2007,Laughing Gull,spp
Conservation Plan For The American Oystercatcher 2007,Piping Plover,spp
Conservation Plan For The American Oystercatcher 2007,Wilson's Plover,spp
Conservation Plan For The American Oystercatcher 2007,North Carolina Wildlife Resources Commission,org
Conservation Plan For The American Oystercatcher 2007,Black Skimmer,spp
Conservation Plan For The American Oystercatcher 2007,United States National Park Service,org
Conservation Plan For The American Oystercatcher 2007,The Nature Conservancy,org
Conservation Plan For The American Oystercatcher 2007,Atlantic Coast Joint Venture,org
Conservation Plan For The American Oystercatcher 2007,Center for Conservation Biology,org
Conservation Plan For The American Oystercatcher 2007,College of William and Mary,org
Conservation Plan For The American Oystercatcher 2007,American Bird Conservancy,org
Conservation Plan For The American Oystercatcher 2007,United States Department of Agriculture,org
Conservation Plan For The American Oystercatcher 2007,Virginia Division of Game and Inland Fisheries,org
Conservation Plan For The Upland Sandpiper 2010,Manomet Center for Conservation Sciences,org
Conservation Plan For The Upland Sandpiper 2010,Western Hemisphere Shorebird Reserve Network,org
Conservation Plan For The Upland Sandpiper 2010,National Fish and Wildlife Foundation,org
Conservation Plan For The Upland Sandpiper 2010,Upland Sandpiper,spp
Conservation Plan For The Upland Sandpiper 2010,Smithsonian Institute,org
Conservation Plan For The Upland Sandpiper 2010,BirdLife International,org
Conservation Plan For The Upland Sandpiper 2010,United States Fish and Wildlife Service,org
Conservation Plan For The Upland Sandpiper 2010,Swainson's Hawk,spp
Conservation Plan For The Upland Sandpiper 2010,Passenger Pigeon,spp
Conservation Plan For The Upland Sandpiper 2010,American Bird Conservancy,org
Conservation Plan For The Upland Sandpiper 2010,Blue Jay,spp
Conservation Plan For The Upland Sandpiper 2010,Partners in Flight,org
Conservation Plan For The Upland Sandpiper 2010,United States Department of Agriculture,org
Conservation Plan For The Upland Sandpiper 2010,United States Geological Service,org
Conservation Plan For The Upland Sandpiper 2010,Environment Canada,org
Golden-Winged Warbler Status Review And Conservation Plan 2012,Golden-winged Warbler,spp
Golden-Winged Warbler Status Review And Conservation Plan 2012,American Bird Conservancy,org
Golden-Winged Warbler Status Review And Conservation Plan 2012,Cornell Lab of Ornithology,org
Golden-Winged Warbler Status Review And Conservation Plan 2012,North Carolina Audubon Society,org
Golden-Winged Warbler Status Review And Conservation Plan 2012,Ruff,spp
Golden-Winged Warbler Status Review And Conservation Plan 2012,Ruffed Grouse,spp
Golden-Winged Warbler Status Review And Conservation Plan 2012,Blue-winged Warbler,spp
Golden-Winged Warbler Status Review And Conservation Plan 2012,National Fish and Wildlife Foundation,org
Golden-Winged Warbler Status Review And Conservation Plan 2012,United States Fish and Wildlife Service,org
Golden-Winged Warbler Status Review And Conservation Plan 2012,United States Geological Service,org
Golden-Winged Warbler Status Review And Conservation Plan 2012,Henslow's Sparrow,spp
Golden-Winged Warbler Status Review And Conservation Plan 2012,Alder Flycatcher,spp
Golden-Winged Warbler Status Review And Conservation Plan 2012,Nashville Warbler,spp
Golden-Winged Warbler Status Review And Conservation Plan 2012,Partners in Flight,org
Golden-Winged Warbler Status Review And Conservation Plan 2012,Prairie Warbler,spp
Golden-Winged Warbler Status Review And Conservation Plan 2012,Chestnut-sided Warbler,spp
Golden-Winged Warbler Status Review And Conservation Plan 2012,American Woodcock,spp
Golden-Winged Warbler Status Review And Conservation Plan 2012,Eastern Towhee,spp
Golden-Winged Warbler Status Review And Conservation Plan 2012,Indigo Bunting,spp
Golden-Winged Warbler Status Review And Conservation Plan 2012,Mourning Warbler,spp
Golden-Winged Warbler Status Review And Conservation Plan 2012,White-throated Sparrow,spp
Golden-Winged Warbler Status Review And Conservation Plan 2012,Eastern Whip-poor-will,spp
Golden-Winged Warbler Status Review And Conservation Plan 2012,Field Sparrow,spp
Golden-Winged Warbler Status Review And Conservation Plan 2012,Yellow-bellied Sapsucker,spp
Golden-Winged Warbler Status Review And Conservation Plan 2012,Canada Warbler,spp
Golden-Winged Warbler Status Review And Conservation Plan 2012,Northern Bobwhite,spp
Golden-Winged Warbler Status Review And Conservation Plan 2012,Yellow-billed Cuckoo,spp
Golden-Winged Warbler Status Review And Conservation Plan 2012,Black-billed Cuckoo,spp
Golden-Winged Warbler Status Review And Conservation Plan 2012,Northern Flicker,spp
Golden-Winged Warbler Status Review And Conservation Plan 2012,Eastern Kingbird,spp
Golden-Winged Warbler Status Review And Conservation Plan 2012,White-eyed Vireo,spp
Golden-Winged Warbler Status Review And Conservation Plan 2012,Veery,spp
Golden-Winged Warbler Status Review And Conservation Plan 2012,Brown Thrasher,spp
Golden-Winged Warbler Status Review And Conservation Plan 2012,Magnolia Warbler,spp
Golden-Winged Warbler Status Review And Conservation Plan 2012,Yellow-breasted Chat,spp
Golden-Winged Warbler Status Review And Conservation Plan 2012,Rose-breasted Grosbeak,spp
Golden-Winged Warbler Status Review And Conservation Plan 2012,Olive-sided Flycatcher,spp
Golden-Winged Warbler Status Review And Conservation Plan 2012,Loggerhead Shrike,spp
Golden-Winged Warbler Status Review And Conservation Plan 2012,Northern Shrike,spp
Golden-Winged Warbler Status Review And Conservation Plan 2012,Bewick's Wren,spp
Golden-Winged Warbler Status Review And Conservation Plan 2012,Hermit Thrush,spp
Golden-Winged Warbler Status Review And Conservation Plan 2012,Gray Catbird,spp
Golden-Winged Warbler Status Review And Conservation Plan 2012,Black-and-white Warbler,spp
Golden-Winged Warbler Status Review And Conservation Plan 2012,American Redstart,spp
Golden-Winged Warbler Status Review And Conservation Plan 2012,Kirtland's Warbler,spp
Golden-Winged Warbler Status Review And Conservation Plan 2012,Dark-eyed Junco,spp
Golden-Winged Warbler Status Review And Conservation Plan 2012,Rusty Blackbird,spp
Golden-Winged Warbler Status Review And Conservation Plan 2012,Wood Thrush,spp
Golden-Winged Warbler Status Review And Conservation Plan 2012,Hooded Warbler,spp
Golden-Winged Warbler Status Review And Conservation Plan 2012,Cerulean Warbler,spp
Golden-Winged Warbler Status Review And Conservation Plan 2012,Black-throated Blue Warbler,spp
Golden-Winged Warbler Status Review And Conservation Plan 2012,Scarlet Tanager,spp
Golden-Winged Warbler Status Review And Conservation Plan 2012,Institute for Bird Populations,org
Golden-Winged Warbler Status Review And Conservation Plan 2012,Smithsonian Institute,org
Golden-Winged Warbler Status Review And Conservation Plan 2012,Environment Canada,org
Golden-Winged Warbler Status Review And Conservation Plan 2012,Ducks Unlimited,org
Golden-Winged Warbler Status Review And Conservation Plan 2012,Bald Eagle,spp
Golden-Winged Warbler Status Review And Conservation Plan 2012,Brown-headed Cowbird,spp
Golden-Winged Warbler Status Review And Conservation Plan 2012,Atlantic Coast Joint Venture,org
Golden-Winged Warbler Status Review And Conservation Plan 2012,United States National Park Service,org
Golden-Winged Warbler Status Review And Conservation Plan 2012,The Nature Conservancy,org
Golden-Winged Warbler Status Review And Conservation Plan 2012,Wild Turkey,spp
Golden-Winged Warbler Status Review And Conservation Plan 2012,United States Department of Agriculture,org
Golden-Winged Warbler Status Review And Conservation Plan 2012,North Carolina State University,org
Golden-Winged Warbler Status Review And Conservation Plan 2012,North Carolina Wildlife Resources Commission,org
Golden-Winged Warbler Status Review And Conservation Plan 2012,Bird Studies Canada,org
Golden-Winged Warbler Status Review And Conservation Plan 2012,National Audubon Society,org
Golden-Winged Warbler Status Review And Conservation Plan 2012,Pine Warbler,spp
Golden-Winged Warbler Status Review And Conservation Plan 2012,Passenger Pigeon,spp
Golden-Winged Warbler Status Review And Conservation Plan 2012,Natureserve,org
Golden-Winged Warbler Status Review And Conservation Plan 2012,National Wildlife Federation,org
Golden-Winged Warbler Status Review And Conservation Plan 2012,Center for Conservation Biology,org
Golden-Winged Warbler Status Review And Conservation Plan 2012,College of William and Mary,org
Golden-Winged Warbler Status Review And Conservation Plan 2012,Quail Unlimited,org
Golden-Winged Warbler Status Review And Conservation Plan 2012,Town of Cary,org
Golden-Winged Warbler Status Review And Conservation Plan 2012,Black-capped Chickadee,spp
Golden-Winged Warbler Status Review And Conservation Plan 2012,Willow Flycatcher,spp
Improving Habitat For Forest Thrushes 2003,National Fish and Wildlife Foundation,org
Improving Habitat For Forest Thrushes 2003,United States Department of Agriculture,org
Improving Habitat For Forest Thrushes 2003,Cornell Lab of Ornithology,org
Improving Habitat For Forest Thrushes 2003,Veery,spp
Improving Habitat For Forest Thrushes 2003,Hermit Thrush,spp
Improving Habitat For Forest Thrushes 2003,Wood Thrush,spp
Improving Habitat For Forest Thrushes 2003,Varied Thrush,spp
Improving Habitat For Forest Thrushes 2003,Swainson's Thrush,spp
Improving Habitat For Forest Thrushes 2003,Scarlet Tanager,spp
Improving Habitat For Forest Thrushes 2003,Bicknell's Thrush,spp
Improving Habitat For Forest Thrushes 2003,The Nature Conservancy,org
Improving Habitat For Forest Thrushes 2003,Great Horned Owl,spp
Improving Habitat For Forest Thrushes 2003,Brown-headed Cowbird,spp
Improving Habitat For Forest Thrushes 2003,Song Sparrow,spp
Improving Habitat For Forest Thrushes 2003,Red-eyed Vireo,spp
Improving Habitat For Forest Thrushes 2003,Black-throated Green Warbler,spp
Improving Habitat For Forest Thrushes 2003,Ovenbird,spp
Improving Habitat For Forest Thrushes 2003,American Bird Conservancy,org
Improving Habitat For Forest Thrushes 2003,United States North American Bird Conservation Initiative,org
Improving Habitat For Forest Thrushes 2003,Environment Canada,org
Improving Habitat For Forest Thrushes 2003,Red-cockaded Woodpecker,spp
North American Waterbird Conservation Plan 2002,Clapper Rail,spp
North American Waterbird Conservation Plan 2002,Manomet Center for Conservation Sciences,org
North American Waterbird Conservation Plan 2002,Environment Canada,org
North American Waterbird Conservation Plan 2002,National Audubon Society,org
North American Waterbird Conservation Plan 2002,Herring Gull,spp
North American Waterbird Conservation Plan 2002,Tricolored Heron,spp
North American Waterbird Conservation Plan 2002,Black-crowned Night-Heron,spp
North American Waterbird Conservation Plan 2002,Common Murre,spp
North American Waterbird Conservation Plan 2002,Sandhill Crane,spp
North American Waterbird Conservation Plan 2002,Brown Pelican,spp
North American Waterbird Conservation Plan 2002,Limpkin,spp
North American Waterbird Conservation Plan 2002,Yellow Rail,spp
North American Waterbird Conservation Plan 2002,Double-crested Cormorant,spp
North American Waterbird Conservation Plan 2002,Partners in Flight,org
North American Waterbird Conservation Plan 2002,American Bird Conservancy,org
North American Waterbird Conservation Plan 2002,United States North American Bird Conservation Initiative,org
North American Waterbird Conservation Plan 2002,Black Rail,spp
North American Waterbird Conservation Plan 2002,Common Loon,spp
North American Waterbird Conservation Plan 2002,King Rail,spp
North American Waterbird Conservation Plan 2002,Virginia Rail,spp
North American Waterbird Conservation Plan 2002,Sora,spp
North American Waterbird Conservation Plan 2002,Purple Gallinule,spp
North American Waterbird Conservation Plan 2002,Great Skua,spp
North American Waterbird Conservation Plan 2002,Snail Kite,spp
North American Waterbird Conservation Plan 2002,Black Skimmer,spp
North American Waterbird Conservation Plan 2002,Long-tailed Jaeger,spp
North American Waterbird Conservation Plan 2002,Parasitic Jaeger,spp
North American Waterbird Conservation Plan 2002,Pomarine Jaeger,spp
North American Waterbird Conservation Plan 2002,South Polar Skua,spp
North American Waterbird Conservation Plan 2002,Royal Tern,spp
North American Waterbird Conservation Plan 2002,Mew Gull,spp
North American Waterbird Conservation Plan 2002,Snowy Egret,spp
North American Waterbird Conservation Plan 2002,Great Black-backed Gull,spp
North American Waterbird Conservation Plan 2002,Ring-billed Gull,spp
North American Waterbird Conservation Plan 2002,Glaucous Gull,spp
North American Waterbird Conservation Plan 2002,Iceland Gull,spp
North American Waterbird Conservation Plan 2002,Black-headed Gull,spp
North American Waterbird Conservation Plan 2002,Bonaparte's Gull,spp
North American Waterbird Conservation Plan 2002,Franklin's Gull,spp
North American Waterbird Conservation Plan 2002,Laughing Gull,spp
North American Waterbird Conservation Plan 2002,Lesser Black-backed Gull,spp
North American Waterbird Conservation Plan 2002,Black-legged Kittiwake,spp
North American Waterbird Conservation Plan 2002,Little Gull,spp
North American Waterbird Conservation Plan 2002,Sabine's Gull,spp
North American Waterbird Conservation Plan 2002,Caspian Tern,spp
North American Waterbird Conservation Plan 2002,Gull-billed Tern,spp
North American Waterbird Conservation Plan 2002,Arctic Tern,spp
North American Waterbird Conservation Plan 2002,Forster's Tern,spp
North American Waterbird Conservation Plan 2002,Least Tern,spp
North American Waterbird Conservation Plan 2002,Sooty Tern,spp
North American Waterbird Conservation Plan 2002,Great Egret,spp
North American Waterbird Conservation Plan 2002,Black Tern,spp
North American Waterbird Conservation Plan 2002,Dovekie,spp
North American Waterbird Conservation Plan 2002,Long-billed Murrelet,spp
North American Waterbird Conservation Plan 2002,Black-capped Petrel,spp
North American Waterbird Conservation Plan 2002,Tahiti Petrel,spp
North American Waterbird Conservation Plan 2002,Bermuda Petrel,spp
North American Waterbird Conservation Plan 2002,Bridled Tern,spp
North American Waterbird Conservation Plan 2002,Brown Booby,spp
North American Waterbird Conservation Plan 2002,Masked Booby,spp
North American Waterbird Conservation Plan 2002,Red-billed Tropicbird,spp
North American Waterbird Conservation Plan 2002,Roseate Tern,spp
North American Waterbird Conservation Plan 2002,White-tailed Tropicbird,spp
North American Waterbird Conservation Plan 2002,Little Blue Heron,spp
North American Waterbird Conservation Plan 2002,Magnificent Frigatebird,spp
North American Waterbird Conservation Plan 2002,Wood Stork,spp
North American Waterbird Conservation Plan 2002,Anhinga,spp
North American Waterbird Conservation Plan 2002,California Gull,spp
North American Waterbird Conservation Plan 2002,Bulwer's Petrel,spp
North American Waterbird Conservation Plan 2002,Cory's Shearwater,spp
North American Waterbird Conservation Plan 2002,Eared Grebe,spp
North American Waterbird Conservation Plan 2002,Western Grebe,spp
North American Waterbird Conservation Plan 2002,Great Cormorant,spp
North American Waterbird Conservation Plan 2002,Reddish Egret,spp
North American Waterbird Conservation Plan 2002,Roseate Spoonbill,spp
North American Waterbird Conservation Plan 2002,Manx Shearwater,spp
North American Waterbird Conservation Plan 2002,White Ibis,spp
North American Waterbird Conservation Plan 2002,Razorbill,spp
North American Waterbird Conservation Plan 2002,Sooty Shearwater,spp
North American Waterbird Conservation Plan 2002,Thick-billed Murre,spp
North American Waterbird Conservation Plan 2002,Common Tern,spp
North American Waterbird Conservation Plan 2002,Green Heron,spp
North American Waterbird Conservation Plan 2002,Glossy Ibis,spp
North American Waterbird Conservation Plan 2002,Leach's Storm-Petrel,spp
North American Waterbird Conservation Plan 2002,Atlantic Puffin,spp
North American Waterbird Conservation Plan 2002,Brown Noddy,spp
North American Waterbird Conservation Plan 2002,Great Blue Heron,spp
North American Waterbird Conservation Plan 2002,Black Guillemot,spp
North American Waterbird Conservation Plan 2002,Cattle Egret,spp
North American Waterbird Conservation Plan 2002,Sandwich Tern,spp
North American Waterbird Conservation Plan 2002,Wilson's Storm-Petrel,spp
North American Waterbird Conservation Plan 2002,Pied-billed Grebe,spp
North American Waterbird Conservation Plan 2002,Red-necked Grebe,spp
North American Waterbird Conservation Plan 2002,Northern Gannet,spp
North American Waterbird Conservation Plan 2002,BirdLife International,org
North American Waterbird Conservation Plan 2002,Little Egret,spp
North American Waterbird Conservation Plan 2002,United States Geological Service,org
North American Waterbird Conservation Plan 2002,Yellow-crowned Night-Heron,spp
North American Waterbird Conservation Plan 2002,Least Bittern,spp
North American Waterbird Conservation Plan 2002,American Bittern,spp
North American Waterbird Conservation Plan 2002,American White Pelican,spp
North American Waterbird Conservation Plan 2002,White-faced Ibis,spp
North American Waterbird Conservation Plan 2002,Northern Fulmar,spp
North American Waterbird Conservation Plan 2002,Pacific Loon,spp
North American Waterbird Conservation Plan 2002,Red-throated Loon,spp
North American Waterbird Conservation Plan 2002,Association of Fish and Wildlife Agencies,org
North American Waterbird Conservation Plan 2002,Audubon's Shearwater,spp
North American Waterbird Conservation Plan 2002,Black-browed Albatross,spp
North American Waterbird Conservation Plan 2002,Yellow-nosed Albatross,spp
North American Waterbird Conservation Plan 2002,American Coot,spp
North American Waterbird Conservation Plan 2002,European Storm-Petrel,spp
North American Waterbird Conservation Plan 2002,White-faced Storm-Petrel,spp
North American Waterbird Conservation Plan 2002,Band-rumped Storm-Petrel,spp
North American Waterbird Conservation Plan 2002,Ducks Unlimited,org
North American Waterbird Conservation Plan 2002,The Nature Conservancy,org
North American Waterbird Conservation Plan 2002,Horned Grebe,spp
North American Waterbird Conservation Plan 2002,Smithsonian Institute,org
North American Waterbird Conservation Plan 2002,United States Fish and Wildlife Service,org
North American Waterbird Conservation Plan 2002,American Birding Association,org
North American Waterfowl Management Plan 2018,Canvasback,spp
North American Waterfowl Management Plan 2018,Ducks Unlimited,org
North American Waterfowl Management Plan 2018,American Bird Conservancy,org
North American Waterfowl Management Plan 2018,United States North American Bird Conservation Initiative,org
North American Waterfowl Management Plan 2018,National Audubon Society,org
North American Waterfowl Management Plan 2018,United States Geological Service,org
North American Waterfowl Management Plan 2018,United States Fish and Wildlife Service,org
North American Waterfowl Management Plan 2018,Environment Canada,org
North American Waterfowl Management Plan 2018,Mallard,spp
North American Waterfowl Management Plan 2018,Gadwall,spp
North American Waterfowl Management Plan 2018,American Wigeon,spp
North American Waterfowl Management Plan 2018,Green-winged Teal,spp
North American Waterfowl Management Plan 2018,Blue-winged Teal,spp
North American Waterfowl Management Plan 2018,Northern Shoveler,spp
North American Waterfowl Management Plan 2018,Northern Pintail,spp
North American Waterfowl Management Plan 2018,Redhead,spp
North American Waterfowl Management Plan 2018,American Black Duck,spp
North American Waterfowl Management Plan 2018,Ring-necked Duck,spp
North American Waterfowl Management Plan 2018,Bufflehead,spp
North American Waterfowl Management Plan 2018,Brant,spp
North American Waterfowl Management Plan 2018,Wood Duck,spp
North American Waterfowl Management Plan 2018,Sora,spp
Partners In Flight Landbird Conservation Plan 2016,Cornell Lab of Ornithology,org
Partners In Flight Landbird Conservation Plan 2016,Bird Studies Canada,org
Partners In Flight Landbird Conservation Plan 2016,Smithsonian Institute,org
Partners In Flight Landbird Conservation Plan 2016,Partners in Flight,org
Partners In Flight Landbird Conservation Plan 2016,Evening Grosbeak,spp
Partners In Flight Landbird Conservation Plan 2016,United States Fish and Wildlife Service,org
Partners In Flight Landbird Conservation Plan 2016,Northern Bobwhite,spp
Partners In Flight Landbird Conservation Plan 2016,Ducks Unlimited,org
Partners In Flight Landbird Conservation Plan 2016,Ivory-billed Woodpecker,spp
Partners In Flight Landbird Conservation Plan 2016,Red-cockaded Woodpecker,spp
Partners In Flight Landbird Conservation Plan 2016,Golden-winged Warbler,spp
Partners In Flight Landbird Conservation Plan 2016,Saltmarsh Sparrow,spp
Partners In Flight Landbird Conservation Plan 2016,Seaside Sparrow,spp
Partners In Flight Landbird Conservation Plan 2016,Band-tailed Pigeon,spp
Partners In Flight Landbird Conservation Plan 2016,Black-billed Cuckoo,spp
Partners In Flight Landbird Conservation Plan 2016,Eastern Whip-poor-will,spp
Partners In Flight Landbird Conservation Plan 2016,Long-eared Owl,spp
Partners In Flight Landbird Conservation Plan 2016,Olive-sided Flycatcher,spp
Partners In Flight Landbird Conservation Plan 2016,Red-headed Woodpecker,spp
Partners In Flight Landbird Conservation Plan 2016,Rufous Hummingbird,spp
Partners In Flight Landbird Conservation Plan 2016,Snowy Owl,spp
Partners In Flight Landbird Conservation Plan 2016,Canada Warbler,spp
Partners In Flight Landbird Conservation Plan 2016,Cape May Warbler,spp
Partners In Flight Landbird Conservation Plan 2016,Cerulean Warbler,spp
Partners In Flight Landbird Conservation Plan 2016,Chestnut-collared Longspur,spp
Partners In Flight Landbird Conservation Plan 2016,Connecticut Warbler,spp
Partners In Flight Landbird Conservation Plan 2016,Kentucky Warbler,spp
Partners In Flight Landbird Conservation Plan 2016,Prairie Warbler,spp
Partners In Flight Landbird Conservation Plan 2016,Prothonotary Warbler,spp
Partners In Flight Landbird Conservation Plan 2016,Wood Thrush,spp
Partners In Flight Landbird Conservation Plan 2016,Bobolink,spp
Partners In Flight Landbird Conservation Plan 2016,Passenger Pigeon,spp
Partners In Flight Landbird Conservation Plan 2016,Blackpoll Warbler,spp
Partners In Flight Landbird Conservation Plan 2016,Common Nighthawk,spp
Partners In Flight Landbird Conservation Plan 2016,Bank Swallow,spp
Partners In Flight Landbird Conservation Plan 2016,Rusty Blackbird,spp
Partners In Flight Landbird Conservation Plan 2016,Lark Bunting,spp
Partners In Flight Landbird Conservation Plan 2016,Pine Siskin,spp
Partners In Flight Landbird Conservation Plan 2016,Chimney Swift,spp
Partners In Flight Landbird Conservation Plan 2016,Eastern Meadowlark,spp
Partners In Flight Landbird Conservation Plan 2016,Grasshopper Sparrow,spp
Partners In Flight Landbird Conservation Plan 2016,Loggerhead Shrike,spp
Partners In Flight Landbird Conservation Plan 2016,Horned Lark,spp
Partners In Flight Landbird Conservation Plan 2016,Short-eared Owl,spp
Partners In Flight Landbird Conservation Plan 2016,Chuck-will's-widow,spp
Partners In Flight Landbird Conservation Plan 2016,Brewer's Blackbird,spp
Partners In Flight Landbird Conservation Plan 2016,Field Sparrow,spp
Partners In Flight Landbird Conservation Plan 2016,Varied Thrush,spp
Partners In Flight Landbird Conservation Plan 2016,Wilson's Warbler,spp
Partners In Flight Landbird Conservation Plan 2016,Common Grackle,spp
Partners In Flight Landbird Conservation Plan 2016,Least Flycatcher,spp
Partners In Flight Landbird Conservation Plan 2016,American Tree Sparrow,spp
Partners In Flight Landbird Conservation Plan 2016,Bald Eagle,spp
Partners In Flight Landbird Conservation Plan 2016,Osprey,spp
Partners In Flight Landbird Conservation Plan 2016,Peregrine Falcon,spp
Partners In Flight Landbird Conservation Plan 2016,Red-tailed Hawk,spp
Partners In Flight Landbird Conservation Plan 2016,Eastern Bluebird,spp
Partners In Flight Landbird Conservation Plan 2016,European Starling,spp
Partners In Flight Landbird Conservation Plan 2016,American Redstart,spp
Partners In Flight Landbird Conservation Plan 2016,Gray Catbird,spp
Partners In Flight Landbird Conservation Plan 2016,Savannah Sparrow,spp
Partners In Flight Landbird Conservation Plan 2016,Willow Flycatcher,spp
Partners In Flight Landbird Conservation Plan 2016,Yellow-billed Cuckoo,spp
Partners In Flight Landbird Conservation Plan 2016,Henslow's Sparrow,spp
Partners In Flight Landbird Conservation Plan 2016,Black Rail,spp
Partners In Flight Landbird Conservation Plan 2016,Brown Thrasher,spp
Partners In Flight Landbird Conservation Plan 2016,Brown-headed Nuthatch,spp
Partners In Flight Landbird Conservation Plan 2016,Black-headed Grosbeak,spp
Partners In Flight Landbird Conservation Plan 2016,Common Yellowthroat,spp
Partners In Flight Landbird Conservation Plan 2016,Spotted Towhee,spp
Partners In Flight Landbird Conservation Plan 2016,Yellow Warbler,spp
Partners In Flight Landbird Conservation Plan 2016,Yellow-breasted Chat,spp
Partners In Flight Landbird Conservation Plan 2016,Allen's Hummingbird,spp
Partners In Flight Landbird Conservation Plan 2016,Bachman's Sparrow,spp
Partners In Flight Landbird Conservation Plan 2016,Nelson's Sparrow,spp
Partners In Flight Landbird Conservation Plan 2016,Sprague's Pipit,spp
Partners In Flight Landbird Conservation Plan 2016,Green-tailed Towhee,spp
Partners In Flight Landbird Conservation Plan 2016,Dickcissel,spp
Partners In Flight Landbird Conservation Plan 2016,Painted Bunting,spp
Partners In Flight Landbird Conservation Plan 2016,Scissor-tailed Flycatcher,spp
Partners In Flight Landbird Conservation Plan 2016,Swallow-tailed Kite,spp
Partners In Flight Landbird Conservation Plan 2016,American Bird Conservancy,org
Partners In Flight Landbird Conservation Plan 2016,Northern Harrier,spp
Partners In Flight Landbird Conservation Plan 2016,Harris's Sparrow,spp
Partners In Flight Landbird Conservation Plan 2016,Sandhill Crane,spp
Partners In Flight Landbird Conservation Plan 2016,Baltimore Oriole,spp
Partners In Flight Landbird Conservation Plan 2016,BirdLife International,org
Partners In Flight Landbird Conservation Plan 2016,Lapland Longspur,spp
Partners In Flight Landbird Conservation Plan 2016,Snow Bunting,spp
Partners In Flight Landbird Conservation Plan 2016,American Pipit,spp
Partners In Flight Landbird Conservation Plan 2016,Rough-legged Hawk,spp
Partners In Flight Landbird Conservation Plan 2016,Calliope Hummingbird,spp
Partners In Flight Landbird Conservation Plan 2016,Warbling Vireo,spp
Partners In Flight Landbird Conservation Plan 2016,Bay-breasted Warbler,spp
Partners In Flight Landbird Conservation Plan 2016,Yellow-bellied Flycatcher,spp
Partners In Flight Landbird Conservation Plan 2016,Magnolia Warbler,spp
Partners In Flight Landbird Conservation Plan 2016,Philadelphia Vireo,spp
Partners In Flight Landbird Conservation Plan 2016,White-throated Sparrow,spp
Partners In Flight Landbird Conservation Plan 2016,Palm Warbler,spp
Partners In Flight Landbird Conservation Plan 2016,Ruby-crowned Kinglet,spp
Partners In Flight Landbird Conservation Plan 2016,Barn Swallow,spp
Partners In Flight Landbird Conservation Plan 2016,American Goldfinch,spp
Partners In Flight Landbird Conservation Plan 2016,Song Sparrow,spp
Partners In Flight Landbird Conservation Plan 2016,Tree Swallow,spp
Partners In Flight Landbird Conservation Plan 2016,Cedar Waxwing,spp
Partners In Flight Landbird Conservation Plan 2016,Rose-breasted Grosbeak,spp
Partners In Flight Landbird Conservation Plan 2016,Clay-colored Sparrow,spp
Partners In Flight Landbird Conservation Plan 2016,Vesper Sparrow,spp
Partners In Flight Landbird Conservation Plan 2016,Bicknell's Thrush,spp
Partners In Flight Landbird Conservation Plan 2016,Blackburnian Warbler,spp
Partners In Flight Landbird Conservation Plan 2016,Chestnut-sided Warbler,spp
Partners In Flight Landbird Conservation Plan 2016,Veery,spp
Partners In Flight Landbird Conservation Plan 2016,Broad-winged Hawk,spp
Partners In Flight Landbird Conservation Plan 2016,Black-throated Green Warbler,spp
Partners In Flight Landbird Conservation Plan 2016,Blue-headed Vireo,spp
Partners In Flight Landbird Conservation Plan 2016,Yellow-bellied Sapsucker,spp
Partners In Flight Landbird Conservation Plan 2016,Northern Parula,spp
Partners In Flight Landbird Conservation Plan 2016,Ovenbird,spp
Partners In Flight Landbird Conservation Plan 2016,Black-and-white Warbler,spp
Partners In Flight Landbird Conservation Plan 2016,Alder Flycatcher,spp
Partners In Flight Landbird Conservation Plan 2016,Western Tanager,spp
Partners In Flight Landbird Conservation Plan 2016,Tennessee Warbler,spp
Partners In Flight Landbird Conservation Plan 2016,Orange-crowned Warbler,spp
Partners In Flight Landbird Conservation Plan 2016,Swamp Sparrow,spp
Partners In Flight Landbird Conservation Plan 2016,Yellow-rumped Warbler,spp
Partners In Flight Landbird Conservation Plan 2016,Ruff,spp
Partners In Flight Landbird Conservation Plan 2016,Ruffed Grouse,spp
Partners In Flight Landbird Conservation Plan 2016,United States North American Bird Conservation Initiative,org
Partners In Flight Landbird Conservation Plan 2016,Carolina Bird Club,org
Partners In Flight Landbird Conservation Plan 2016,United States Department of Agriculture,org
Partners In Flight Landbird Conservation Plan 2016,Black Vulture,spp
Partners In Flight Landbird Conservation Plan 2016,Turkey Vulture,spp
Partners In Flight Landbird Conservation Plan 2016,Wild Turkey,spp
Partners In Flight Landbird Conservation Plan 2016,Cooper's Hawk,spp
Partners In Flight Landbird Conservation Plan 2016,Mississippi Kite,spp
Partners In Flight Landbird Conservation Plan 2016,Northern Goshawk,spp
Partners In Flight Landbird Conservation Plan 2016,Sharp-shinned Hawk,spp
Partners In Flight Landbird Conservation Plan 2016,Snail Kite,spp
Partners In Flight Landbird Conservation Plan 2016,White-tailed Kite,spp
Partners In Flight Landbird Conservation Plan 2016,Red-shouldered Hawk,spp
Partners In Flight Landbird Conservation Plan 2016,Swainson's Hawk,spp
Partners In Flight Landbird Conservation Plan 2016,Golden Eagle,spp
Partners In Flight Landbird Conservation Plan 2016,Mourning Dove,spp
Partners In Flight Landbird Conservation Plan 2016,White-winged Dove,spp
Partners In Flight Landbird Conservation Plan 2016,Smooth-billed Ani,spp
Partners In Flight Landbird Conservation Plan 2016,Barn Owl,spp
Partners In Flight Landbird Conservation Plan 2016,Eastern Screech-Owl,spp
Partners In Flight Landbird Conservation Plan 2016,Great Horned Owl,spp
Partners In Flight Landbird Conservation Plan 2016,Barred Owl,spp
Partners In Flight Landbird Conservation Plan 2016,Burrowing Owl,spp
Partners In Flight Landbird Conservation Plan 2016,Antillean Nighthawk,spp
Partners In Flight Landbird Conservation Plan 2016,Lesser Nighthawk,spp
Partners In Flight Landbird Conservation Plan 2016,Northern Saw-whet Owl,spp
Partners In Flight Landbird Conservation Plan 2016,Anna's Hummingbird,spp
Partners In Flight Landbird Conservation Plan 2016,Black-chinned Hummingbird,spp
Partners In Flight Landbird Conservation Plan 2016,Ruby-throated Hummingbird,spp
Partners In Flight Landbird Conservation Plan 2016,Broad-billed Hummingbird,spp
Partners In Flight Landbird Conservation Plan 2016,Broad-tailed Hummingbird,spp
Partners In Flight Landbird Conservation Plan 2016,Buff-bellied Hummingbird,spp
Partners In Flight Landbird Conservation Plan 2016,Belted Kingfisher,spp
Partners In Flight Landbird Conservation Plan 2016,Red-bellied Woodpecker,spp
Partners In Flight Landbird Conservation Plan 2016,Downy Woodpecker,spp
Partners In Flight Landbird Conservation Plan 2016,Hairy Woodpecker,spp
Partners In Flight Landbird Conservation Plan 2016,American Kestrel,spp
Partners In Flight Landbird Conservation Plan 2016,Crested Caracara,spp
Partners In Flight Landbird Conservation Plan 2016,Merlin,spp
Partners In Flight Landbird Conservation Plan 2016,Northern Flicker,spp
Partners In Flight Landbird Conservation Plan 2016,Pileated Woodpecker,spp
Partners In Flight Landbird Conservation Plan 2016,Eastern Wood-Pewee,spp
Partners In Flight Landbird Conservation Plan 2016,Acadian Flycatcher,spp
Partners In Flight Landbird Conservation Plan 2016,Gray Flycatcher,spp
Partners In Flight Landbird Conservation Plan 2016,Eastern Phoebe,spp
Partners In Flight Landbird Conservation Plan 2016,Say's Phoebe,spp
Partners In Flight Landbird Conservation Plan 2016,Vermilion Flycatcher,spp
Partners In Flight Landbird Conservation Plan 2016,Ash-throated Flycatcher,spp
Partners In Flight Landbird Conservation Plan 2016,Eastern Kingbird,spp
Partners In Flight Landbird Conservation Plan 2016,Gray Kingbird,spp
Partners In Flight Landbird Conservation Plan 2016,Tropical Kingbird,spp
Partners In Flight Landbird Conservation Plan 2016,Western Kingbird,spp
Partners In Flight Landbird Conservation Plan 2016,Bell's Vireo,spp
Partners In Flight Landbird Conservation Plan 2016,Northern Shrike,spp
Partners In Flight Landbird Conservation Plan 2016,White-eyed Vireo,spp
Partners In Flight Landbird Conservation Plan 2016,Yellow-throated Vireo,spp
Partners In Flight Landbird Conservation Plan 2016,Black-whiskered Vireo,spp
Partners In Flight Landbird Conservation Plan 2016,Red-eyed Vireo,spp
Partners In Flight Landbird Conservation Plan 2016,Blue Jay,spp
Partners In Flight Landbird Conservation Plan 2016,American Crow,spp
Partners In Flight Landbird Conservation Plan 2016,Common Raven,spp
Partners In Flight Landbird Conservation Plan 2016,Fish Crow,spp
Partners In Flight Landbird Conservation Plan 2016,Purple Martin,spp
Partners In Flight Landbird Conservation Plan 2016,Carolina Chickadee,spp
Partners In Flight Landbird Conservation Plan 2016,Cave Swallow,spp
Partners In Flight Landbird Conservation Plan 2016,Cliff Swallow,spp
Partners In Flight Landbird Conservation Plan 2016,Black-capped Chickadee,spp
Partners In Flight Landbird Conservation Plan 2016,Tufted Titmouse,spp
Partners In Flight Landbird Conservation Plan 2016,Red-breasted Nuthatch,spp
Partners In Flight Landbird Conservation Plan 2016,White-breasted Nuthatch,spp
Partners In Flight Landbird Conservation Plan 2016,Brown Creeper,spp
Partners In Flight Landbird Conservation Plan 2016,Bewick's Wren,spp
Partners In Flight Landbird Conservation Plan 2016,Carolina Wren,spp
Partners In Flight Landbird Conservation Plan 2016,House Wren,spp
Partners In Flight Landbird Conservation Plan 2016,Marsh Wren,spp
Partners In Flight Landbird Conservation Plan 2016,Sedge Wren,spp
Partners In Flight Landbird Conservation Plan 2016,Winter Wren,spp
Partners In Flight Landbird Conservation Plan 2016,Blue-gray Gnatcatcher,spp
Partners In Flight Landbird Conservation Plan 2016,Golden-crowned Kinglet,spp
Partners In Flight Landbird Conservation Plan 2016,Gray-cheeked Thrush,spp
Partners In Flight Landbird Conservation Plan 2016,Northern Wheatear,spp
Partners In Flight Landbird Conservation Plan 2016,Townsend's Solitaire,spp
Partners In Flight Landbird Conservation Plan 2016,Swainson's Thrush,spp
Partners In Flight Landbird Conservation Plan 2016,American Robin,spp
Partners In Flight Landbird Conservation Plan 2016,Hermit Thrush,spp
Partners In Flight Landbird Conservation Plan 2016,Sage Thrasher,spp
Partners In Flight Landbird Conservation Plan 2016,Northern Mockingbird,spp
Partners In Flight Landbird Conservation Plan 2016,White Wagtail,spp
Partners In Flight Landbird Conservation Plan 2016,Bachman's Warbler,spp
Partners In Flight Landbird Conservation Plan 2016,Louisiana Waterthrush,spp
Partners In Flight Landbird Conservation Plan 2016,Northern Waterthrush,spp
Partners In Flight Landbird Conservation Plan 2016,Smith's Longspur,spp
Partners In Flight Landbird Conservation Plan 2016,Worm-eating Warbler,spp
Partners In Flight Landbird Conservation Plan 2016,Blue-winged Warbler,spp
Partners In Flight Landbird Conservation Plan 2016,MacGillivray's Warbler,spp
Partners In Flight Landbird Conservation Plan 2016,Nashville Warbler,spp
Partners In Flight Landbird Conservation Plan 2016,Swainson's Warbler,spp
Partners In Flight Landbird Conservation Plan 2016,Mourning Warbler,spp
Partners In Flight Landbird Conservation Plan 2016,Hooded Warbler,spp
Partners In Flight Landbird Conservation Plan 2016,Kirtland's Warbler,spp
Partners In Flight Landbird Conservation Plan 2016,Black-throated Blue Warbler,spp
Partners In Flight Landbird Conservation Plan 2016,Black-throated Gray Warbler,spp
Partners In Flight Landbird Conservation Plan 2016,Pine Warbler,spp
Partners In Flight Landbird Conservation Plan 2016,Townsend's Warbler,spp
Partners In Flight Landbird Conservation Plan 2016,Yellow-throated Warbler,spp
Partners In Flight Landbird Conservation Plan 2016,Cassin's Sparrow,spp
Partners In Flight Landbird Conservation Plan 2016,Eastern Towhee,spp
Partners In Flight Landbird Conservation Plan 2016,Chipping Sparrow,spp
Partners In Flight Landbird Conservation Plan 2016,Lark Sparrow,spp
Partners In Flight Landbird Conservation Plan 2016,Fox Sparrow,spp
Partners In Flight Landbird Conservation Plan 2016,Lincoln's Sparrow,spp
Partners In Flight Landbird Conservation Plan 2016,White-crowned Sparrow,spp
Partners In Flight Landbird Conservation Plan 2016,Dark-eyed Junco,spp
Partners In Flight Landbird Conservation Plan 2016,Golden-crowned Sparrow,spp
Partners In Flight Landbird Conservation Plan 2016,Northern Cardinal,spp
Partners In Flight Landbird Conservation Plan 2016,Scarlet Tanager,spp
Partners In Flight Landbird Conservation Plan 2016,Summer Tanager,spp
Partners In Flight Landbird Conservation Plan 2016,Blue Grosbeak,spp
Partners In Flight Landbird Conservation Plan 2016,Indigo Bunting,spp
Partners In Flight Landbird Conservation Plan 2016,Lazuli Bunting,spp
Partners In Flight Landbird Conservation Plan 2016,Red-winged Blackbird,spp
Partners In Flight Landbird Conservation Plan 2016,Yellow-headed Blackbird,spp
Partners In Flight Landbird Conservation Plan 2016,Boat-tailed Grackle,spp
Partners In Flight Landbird Conservation Plan 2016,Shiny Cowbird,spp
Partners In Flight Landbird Conservation Plan 2016,Brown-headed Cowbird,spp
Partners In Flight Landbird Conservation Plan 2016,Bullock's Oriole,spp
Partners In Flight Landbird Conservation Plan 2016,Hooded Oriole,spp
Partners In Flight Landbird Conservation Plan 2016,Orchard Oriole,spp
Partners In Flight Landbird Conservation Plan 2016,Scott's Oriole,spp
Partners In Flight Landbird Conservation Plan 2016,House Finch,spp
Partners In Flight Landbird Conservation Plan 2016,Purple Finch,spp
Partners In Flight Landbird Conservation Plan 2016,Common Redpoll,spp
Partners In Flight Landbird Conservation Plan 2016,Lesser Goldfinch,spp
Partners In Flight Landbird Conservation Plan 2016,Red Crossbill,spp
Partners In Flight Landbird Conservation Plan 2016,White-winged Crossbill,spp
Partners In Flight Landbird Conservation Plan 2016,United States Geological Service,org
Piping Plover 5 Year Review 2020,Piping Plover,spp
Piping Plover 5 Year Review 2020,United States Fish and Wildlife Service,org
Piping Plover 5 Year Review 2020,Smithsonian Institute,org
Piping Plover 5 Year Review 2020,Cornell Lab of Ornithology,org
Piping Plover 5 Year Review 2020,United States National Park Service,org
Piping Plover 5 Year Review 2020,National Audubon Society,org
Piping Plover 5 Year Review 2020,Carolina Bird Club,org
Piping Plover 5 Year Review 2020,United States Geological Service,org
Piping Plover 5 Year Review 2020,American Bird Conservancy,org
Piping Plover 5 Year Review 2020,North Carolina Audubon Society,org
Piping Plover 5 Year Review 2020,North Carolina Wildlife Resources Commission,org
Piping Plover 5 Year Review 2020,Whimbrel,spp
Piping Plover 5 Year Review 2020,Red Knot,spp
Piping Plover 5 Year Review 2020,United States Department of Agriculture,org
Piping Plover 5 Year Review 2020,The Nature Conservancy,org
Piping Plover 5 Year Review 2020,Merlin,spp
Piping Plover 5 Year Review 2020,Ducks Unlimited,org
Piping Plover 5 Year Review 2020,Environment Canada,org
Piping Plover 5 Year Review 2020,California Gull,spp
Piping Plover 5 Year Review 2020,Ring-billed Gull,spp
Piping Plover 5 Year Review 2020,Great Horned Owl,spp
Piping Plover 5 Year Review 2020,Association of Fish and Wildlife Agencies,org
Piping Plover 5 Year Review 2020,Least Tern,spp
Piping Plover 5 Year Review 2020,Snowy Plover,spp
Piping Plover 5 Year Review 2020,Mallard,spp
Piping Plover 5 Year Review 2020,Blue Jay,spp
Piping Plover 5 Year Review 2020,Black Skimmer,spp
Piping Plover 5 Year Review 2020,National Fish and Wildlife Foundation,org
Piping Plover 5 Year Review 2020,Common Tern,spp
Piping Plover 5 Year Review 2020,Roseate Tern,spp
Piping Plover 5 Year Review 2020,North Carolina Sea Grant,org
Red Knot Conservation Plan For The Western Hemisphere 2010,Red Knot,spp
Red Knot Conservation Plan For The Western Hemisphere 2010,Manomet Center for Conservation Sciences,org
Red Knot Conservation Plan For The Western Hemisphere 2010,Western Hemisphere Shorebird Reserve Network,org
Red Knot Conservation Plan For The Western Hemisphere 2010,National Fish and Wildlife Foundation,org
Red Knot Conservation Plan For The Western Hemisphere 2010,United States Geological Service,org
Red Knot Conservation Plan For The Western Hemisphere 2010,United States Fish and Wildlife Service,org
Red Knot Conservation Plan For The Western Hemisphere 2010,North Carolina Audubon Society,org
Red Knot Conservation Plan For The Western Hemisphere 2010,North Carolina Wildlife Resources Commission,org
Red Knot Conservation Plan For The Western Hemisphere 2010,The Nature Conservancy,org
Red Knot Conservation Plan For The Western Hemisphere 2010,Smithsonian Institute,org
Red Knot Conservation Plan For The Western Hemisphere 2010,Quail Unlimited,org
Red Knot Conservation Plan For The Western Hemisphere 2010,Ducks Unlimited,org
Red Knot Conservation Plan For The Western Hemisphere 2010,Hudsonian Godwit,spp
Red Knot Conservation Plan For The Western Hemisphere 2010,American Golden-Plover,spp
Red Knot Conservation Plan For The Western Hemisphere 2010,Ruddy Turnstone,spp
Red Knot Conservation Plan For The Western Hemisphere 2010,Sanderling,spp
Red Knot Conservation Plan For The Western Hemisphere 2010,Laughing Gull,spp
Red Knot Conservation Plan For The Western Hemisphere 2010,Herring Gull,spp
Red Knot Conservation Plan For The Western Hemisphere 2010,Black-bellied Plover,spp
Red Knot Conservation Plan For The Western Hemisphere 2010,Whimbrel,spp
Red Knot Conservation Plan For The Western Hemisphere 2010,White-rumped Sandpiper,spp
Red Knot Conservation Plan For The Western Hemisphere 2010,BirdLife International,org
Red Knot Conservation Plan For The Western Hemisphere 2010,United States North American Bird Conservation Initiative,org
Red Knot Conservation Plan For The Western Hemisphere 2010,Partners in Flight,org
Red Knot Conservation Plan For The Western Hemisphere 2010,Dunlin,spp
Red Knot Conservation Plan For The Western Hemisphere 2010,Greater Yellowlegs,spp
Red Knot Conservation Plan For The Western Hemisphere 2010,Semipalmated Sandpiper,spp
Red Knot Conservation Plan For The Western Hemisphere 2010,Short-billed Dowitcher,spp
Red Knot Conservation Plan For The Western Hemisphere 2010,Piping Plover,spp
Red Knot Conservation Plan For The Western Hemisphere 2010,United States National Park Service,org
Red Knot Conservation Plan For The Western Hemisphere 2010,Environment Canada,org
Red Knot Conservation Plan For The Western Hemisphere 2010,Brant,spp
Red Knot Conservation Plan For The Western Hemisphere 2010,College of William and Mary,org
Red Knot Conservation Plan For The Western Hemisphere 2010,Center for Conservation Biology,org
South Atlantic Migratory Bird Initiative Implmentation Plan 2008,Atlantic Coast Joint Venture,org
South Atlantic Migratory Bird Initiative Implmentation Plan 2008,The Nature Conservancy,org
South Atlantic Migratory Bird Initiative Implmentation Plan 2008,Ducks Unlimited,org
South Atlantic Migratory Bird Initiative Implmentation Plan 2008,Smithsonian Institute,org
South Atlantic Migratory Bird Initiative Implmentation Plan 2008,United States North American Bird Conservation Initiative,org
South Atlantic Migratory Bird Initiative Implmentation Plan 2008,United States Fish and Wildlife Service,org
South Atlantic Migratory Bird Initiative Implmentation Plan 2008,American Bird Conservancy,org
South Atlantic Migratory Bird Initiative Implmentation Plan 2008,Northern Bobwhite,spp
South Atlantic Migratory Bird Initiative Implmentation Plan 2008,National Audubon Society,org
South Atlantic Migratory Bird Initiative Implmentation Plan 2008,Partners in Flight,org
South Atlantic Migratory Bird Initiative Implmentation Plan 2008,American Woodcock,spp
South Atlantic Migratory Bird Initiative Implmentation Plan 2008,Wild Turkey,spp
South Atlantic Migratory Bird Initiative Implmentation Plan 2008,Black-throated Green Warbler,spp
South Atlantic Migratory Bird Initiative Implmentation Plan 2008,Swallow-tailed Kite,spp
South Atlantic Migratory Bird Initiative Implmentation Plan 2008,Tundra Swan,spp
South Atlantic Migratory Bird Initiative Implmentation Plan 2008,Ivory-billed Woodpecker,spp
South Atlantic Migratory Bird Initiative Implmentation Plan 2008,Red-cockaded Woodpecker,spp
South Atlantic Migratory Bird Initiative Implmentation Plan 2008,Cerulean Warbler,spp
South Atlantic Migratory Bird Initiative Implmentation Plan 2008,Painted Bunting,spp
South Atlantic Migratory Bird Initiative Implmentation Plan 2008,Loggerhead Shrike,spp
South Atlantic Migratory Bird Initiative Implmentation Plan 2008,Bermuda Petrel,spp
South Atlantic Migratory Bird Initiative Implmentation Plan 2008,Wood Stork,spp
South Atlantic Migratory Bird Initiative Implmentation Plan 2008,American Coot,spp
South Atlantic Migratory Bird Initiative Implmentation Plan 2008,Buff-breasted Sandpiper,spp
South Atlantic Migratory Bird Initiative Implmentation Plan 2008,Common Tern,spp
South Atlantic Migratory Bird Initiative Implmentation Plan 2008,Limpkin,spp
South Atlantic Migratory Bird Initiative Implmentation Plan 2008,Long-billed Curlew,spp
South Atlantic Migratory Bird Initiative Implmentation Plan 2008,Piping Plover,spp
South Atlantic Migratory Bird Initiative Implmentation Plan 2008,Purple Gallinule,spp
South Atlantic Migratory Bird Initiative Implmentation Plan 2008,Red Knot,spp
South Atlantic Migratory Bird Initiative Implmentation Plan 2008,Sandhill Crane,spp
South Atlantic Migratory Bird Initiative Implmentation Plan 2008,Snowy Plover,spp
South Atlantic Migratory Bird Initiative Implmentation Plan 2008,Whimbrel,spp
South Atlantic Migratory Bird Initiative Implmentation Plan 2008,Canada Goose,spp
South Atlantic Migratory Bird Initiative Implmentation Plan 2008,American Black Duck,spp
South Atlantic Migratory Bird Initiative Implmentation Plan 2008,Northern Pintail,spp
South Atlantic Migratory Bird Initiative Implmentation Plan 2008,Black Scoter,spp
South Atlantic Migratory Bird Initiative Implmentation Plan 2008,Brant,spp
South Atlantic Migratory Bird Initiative Implmentation Plan 2008,Canvasback,spp
South Atlantic Migratory Bird Initiative Implmentation Plan 2008,Lesser Scaup,spp
South Atlantic Migratory Bird Initiative Implmentation Plan 2008,Redhead,spp
South Atlantic Migratory Bird Initiative Implmentation Plan 2008,Snow Goose,spp
South Atlantic Migratory Bird Initiative Implmentation Plan 2008,Brown-headed Nuthatch,spp
South Atlantic Migratory Bird Initiative Implmentation Plan 2008,Prairie Warbler,spp
South Atlantic Migratory Bird Initiative Implmentation Plan 2008,Chimney Swift,spp
South Atlantic Migratory Bird Initiative Implmentation Plan 2008,Eastern Towhee,spp
South Atlantic Migratory Bird Initiative Implmentation Plan 2008,Field Sparrow,spp
South Atlantic Migratory Bird Initiative Implmentation Plan 2008,Northern Flicker,spp
South Atlantic Migratory Bird Initiative Implmentation Plan 2008,Rusty Blackbird,spp
South Atlantic Migratory Bird Initiative Implmentation Plan 2008,Short-eared Owl,spp
South Atlantic Migratory Bird Initiative Implmentation Plan 2008,Wood Thrush,spp
South Atlantic Migratory Bird Initiative Implmentation Plan 2008,Yellow-billed Cuckoo,spp
South Atlantic Migratory Bird Initiative Implmentation Plan 2008,American Kestrel,spp
South Atlantic Migratory Bird Initiative Implmentation Plan 2008,Brown Thrasher,spp
South Atlantic Migratory Bird Initiative Implmentation Plan 2008,Eastern Kingbird,spp
South Atlantic Migratory Bird Initiative Implmentation Plan 2008,Eastern Wood-Pewee,spp
South Atlantic Migratory Bird Initiative Implmentation Plan 2008,Grasshopper Sparrow,spp
South Atlantic Migratory Bird Initiative Implmentation Plan 2008,Northern Harrier,spp
South Atlantic Migratory Bird Initiative Implmentation Plan 2008,Vesper Sparrow,spp
South Atlantic Migratory Bird Initiative Implmentation Plan 2008,White-throated Sparrow,spp
South Atlantic Migratory Bird Initiative Implmentation Plan 2008,Eastern Meadowlark,spp
South Atlantic Migratory Bird Initiative Implmentation Plan 2008,Kentucky Warbler,spp
South Atlantic Migratory Bird Initiative Implmentation Plan 2008,Prothonotary Warbler,spp
South Atlantic Migratory Bird Initiative Implmentation Plan 2008,Seaside Sparrow,spp
South Atlantic Migratory Bird Initiative Implmentation Plan 2008,Red-headed Woodpecker,spp
South Atlantic Migratory Bird Initiative Implmentation Plan 2008,Black Rail,spp
South Atlantic Migratory Bird Initiative Implmentation Plan 2008,Worm-eating Warbler,spp
South Atlantic Migratory Bird Initiative Implmentation Plan 2008,Black Skimmer,spp
South Atlantic Migratory Bird Initiative Implmentation Plan 2008,Black-capped Petrel,spp
South Atlantic Migratory Bird Initiative Implmentation Plan 2008,Yellow Rail,spp
South Atlantic Migratory Bird Initiative Implmentation Plan 2008,American Bittern,spp
South Atlantic Migratory Bird Initiative Implmentation Plan 2008,Black Tern,spp
South Atlantic Migratory Bird Initiative Implmentation Plan 2008,Gull-billed Tern,spp
South Atlantic Migratory Bird Initiative Implmentation Plan 2008,Horned Grebe,spp
South Atlantic Migratory Bird Initiative Implmentation Plan 2008,King Rail,spp
South Atlantic Migratory Bird Initiative Implmentation Plan 2008,Least Tern,spp
South Atlantic Migratory Bird Initiative Implmentation Plan 2008,Northern Gannet,spp
South Atlantic Migratory Bird Initiative Implmentation Plan 2008,Razorbill,spp
South Atlantic Migratory Bird Initiative Implmentation Plan 2008,Red-throated Loon,spp
South Atlantic Migratory Bird Initiative Implmentation Plan 2008,Sandwich Tern,spp
South Atlantic Migratory Bird Initiative Implmentation Plan 2008,Tricolored Heron,spp
South Atlantic Migratory Bird Initiative Implmentation Plan 2008,White Ibis,spp
South Atlantic Migratory Bird Initiative Implmentation Plan 2008,Black-crowned Night-Heron,spp
South Atlantic Migratory Bird Initiative Implmentation Plan 2008,Common Loon,spp
South Atlantic Migratory Bird Initiative Implmentation Plan 2008,Little Blue Heron,spp
South Atlantic Migratory Bird Initiative Implmentation Plan 2008,Least Bittern,spp
South Atlantic Migratory Bird Initiative Implmentation Plan 2008,Pied-billed Grebe,spp
South Atlantic Migratory Bird Initiative Implmentation Plan 2008,Snowy Egret,spp
South Atlantic Migratory Bird Initiative Implmentation Plan 2008,Glossy Ibis,spp
South Atlantic Migratory Bird Initiative Implmentation Plan 2008,American White Pelican,spp
South Atlantic Migratory Bird Initiative Implmentation Plan 2008,Band-rumped Storm-Petrel,spp
South Atlantic Migratory Bird Initiative Implmentation Plan 2008,Manx Shearwater,spp
South Atlantic Migratory Bird Initiative Implmentation Plan 2008,Bridled Tern,spp
South Atlantic Migratory Bird Initiative Implmentation Plan 2008,Brown Pelican,spp
South Atlantic Migratory Bird Initiative Implmentation Plan 2008,Red Phalarope,spp
South Atlantic Migratory Bird Initiative Implmentation Plan 2008,American Oystercatcher,spp
South Atlantic Migratory Bird Initiative Implmentation Plan 2008,Semipalmated Sandpiper,spp
South Atlantic Migratory Bird Initiative Implmentation Plan 2008,American Avocet,spp
South Atlantic Migratory Bird Initiative Implmentation Plan 2008,American Wigeon,spp
South Atlantic Migratory Bird Initiative Implmentation Plan 2008,Blue-winged Teal,spp
South Atlantic Migratory Bird Initiative Implmentation Plan 2008,Dunlin,spp
South Atlantic Migratory Bird Initiative Implmentation Plan 2008,Least Sandpiper,spp
South Atlantic Migratory Bird Initiative Implmentation Plan 2008,Lesser Yellowlegs,spp
South Atlantic Migratory Bird Initiative Implmentation Plan 2008,Marbled Godwit,spp
South Atlantic Migratory Bird Initiative Implmentation Plan 2008,Roseate Tern,spp
South Atlantic Migratory Bird Initiative Implmentation Plan 2008,Ruddy Turnstone,spp
South Atlantic Migratory Bird Initiative Implmentation Plan 2008,Sanderling,spp
South Atlantic Migratory Bird Initiative Implmentation Plan 2008,Short-billed Dowitcher,spp
South Atlantic Migratory Bird Initiative Implmentation Plan 2008,Solitary Sandpiper,spp
South Atlantic Migratory Bird Initiative Implmentation Plan 2008,Stilt Sandpiper,spp
South Atlantic Migratory Bird Initiative Implmentation Plan 2008,Upland Sandpiper,spp
South Atlantic Migratory Bird Initiative Implmentation Plan 2008,Western Sandpiper,spp
South Atlantic Migratory Bird Initiative Implmentation Plan 2008,Willet,spp
South Atlantic Migratory Bird Initiative Implmentation Plan 2008,Common Goldeneye,spp
South Atlantic Migratory Bird Initiative Implmentation Plan 2008,White-tailed Tropicbird,spp
South Atlantic Migratory Bird Initiative Implmentation Plan 2008,White-winged Scoter,spp
South Atlantic Migratory Bird Initiative Implmentation Plan 2008,Red-shouldered Hawk,spp
South Atlantic Migratory Bird Initiative Implmentation Plan 2008,Acadian Flycatcher,spp
South Atlantic Migratory Bird Initiative Implmentation Plan 2008,Marsh Wren,spp
South Atlantic Migratory Bird Initiative Implmentation Plan 2008,White-eyed Vireo,spp
South Atlantic Migratory Bird Initiative Implmentation Plan 2008,Yellow-throated Vireo,spp
South Atlantic Migratory Bird Initiative Implmentation Plan 2008,Sedge Wren,spp
South Atlantic Migratory Bird Initiative Implmentation Plan 2008,Yellow-throated Warbler,spp
South Atlantic Migratory Bird Initiative Implmentation Plan 2008,Cape May Warbler,spp
South Atlantic Migratory Bird Initiative Implmentation Plan 2008,Blackpoll Warbler,spp
South Atlantic Migratory Bird Initiative Implmentation Plan 2008,Northern Parula,spp
South Atlantic Migratory Bird Initiative Implmentation Plan 2008,Pine Warbler,spp
South Atlantic Migratory Bird Initiative Implmentation Plan 2008,Hooded Warbler,spp
South Atlantic Migratory Bird Initiative Implmentation Plan 2008,Summer Tanager,spp
South Atlantic Migratory Bird Initiative Implmentation Plan 2008,Bald Eagle,spp
South Atlantic Migratory Bird Initiative Implmentation Plan 2008,Black Vulture,spp
South Atlantic Migratory Bird Initiative Implmentation Plan 2008,Bobolink,spp
South Atlantic Migratory Bird Initiative Implmentation Plan 2008,Connecticut Warbler,spp
South Atlantic Migratory Bird Initiative Implmentation Plan 2008,Indigo Bunting,spp
South Atlantic Migratory Bird Initiative Implmentation Plan 2008,Orchard Oriole,spp
South Atlantic Migratory Bird Initiative Implmentation Plan 2008,Mississippi Kite,spp
South Atlantic Migratory Bird Initiative Implmentation Plan 2008,Barn Owl,spp
South Atlantic Migratory Bird Initiative Implmentation Plan 2008,Black-bellied Plover,spp
South Atlantic Migratory Bird Initiative Implmentation Plan 2008,Burrowing Owl,spp
South Atlantic Migratory Bird Initiative Implmentation Plan 2008,Clapper Rail,spp
South Atlantic Migratory Bird Initiative Implmentation Plan 2008,Great Egret,spp
South Atlantic Migratory Bird Initiative Implmentation Plan 2008,Greater Yellowlegs,spp
South Atlantic Migratory Bird Initiative Implmentation Plan 2008,Louisiana Waterthrush,spp
South Atlantic Migratory Bird Initiative Implmentation Plan 2008,Mottled Duck,spp
South Atlantic Migratory Bird Initiative Implmentation Plan 2008,Pectoral Sandpiper,spp
South Atlantic Migratory Bird Initiative Implmentation Plan 2008,Peregrine Falcon,spp
South Atlantic Migratory Bird Initiative Implmentation Plan 2008,Reddish Egret,spp
South Atlantic Migratory Bird Initiative Implmentation Plan 2008,Royal Tern,spp
South Atlantic Migratory Bird Initiative Implmentation Plan 2008,Semipalmated Plover,spp
South Atlantic Migratory Bird Initiative Implmentation Plan 2008,Spotted Sandpiper,spp
South Atlantic Migratory Bird Initiative Implmentation Plan 2008,Laughing Gull,spp
South Atlantic Migratory Bird Initiative Implmentation Plan 2008,Double-crested Cormorant,spp
South Atlantic Migratory Bird Initiative Implmentation Plan 2008,Herring Gull,spp
South Atlantic Migratory Bird Initiative Implmentation Plan 2008,Cattle Egret,spp
South Atlantic Migratory Bird Initiative Implmentation Plan 2008,Great Black-backed Gull,spp
South Atlantic Migratory Bird Initiative Implmentation Plan 2008,Gadwall,spp
South Atlantic Migratory Bird Initiative Implmentation Plan 2008,Mallard,spp
South Atlantic Migratory Bird Initiative Implmentation Plan 2008,Mourning Dove,spp
South Atlantic Migratory Bird Initiative Implmentation Plan 2008,Sora,spp
South Atlantic Migratory Bird Initiative Implmentation Plan 2008,Virginia Rail,spp
South Atlantic Migratory Bird Initiative Implmentation Plan 2008,Greater Scaup,spp
South Atlantic Migratory Bird Initiative Implmentation Plan 2008,Ring-necked Duck,spp
South Atlantic Migratory Bird Initiative Implmentation Plan 2008,Bufflehead,spp
South Atlantic Migratory Bird Initiative Implmentation Plan 2008,Wood Duck,spp
South Atlantic Migratory Bird Initiative Implmentation Plan 2008,Henslow's Sparrow,spp
South Atlantic Migratory Bird Initiative Implmentation Plan 2008,Bachman's Sparrow,spp
South Atlantic Migratory Bird Initiative Implmentation Plan 2008,Swainson's Warbler,spp
South Atlantic Migratory Bird Initiative Implmentation Plan 2008,Chuck-will's-widow,spp
South Atlantic Migratory Bird Initiative Implmentation Plan 2008,Bicknell's Thrush,spp
South Atlantic Migratory Bird Initiative Implmentation Plan 2008,Black-throated Blue Warbler,spp
South Atlantic Migratory Bird Initiative Implmentation Plan 2008,Common Ground Dove,spp
South Atlantic Migratory Bird Initiative Implmentation Plan 2008,Kirtland's Warbler,spp
South Atlantic Migratory Bird Initiative Implmentation Plan 2008,Wilson's Plover,spp
South Atlantic Migratory Bird Initiative Implmentation Plan 2008,Audubon's Shearwater,spp
South Atlantic Migratory Bird Initiative Implmentation Plan 2008,Savannah Sparrow,spp
South Atlantic Migratory Bird Initiative Implmentation Plan 2008,American Redstart,spp
South Atlantic Migratory Bird Initiative Implmentation Plan 2008,Black-and-white Warbler,spp
South Atlantic Migratory Bird Initiative Implmentation Plan 2008,Ovenbird,spp
South Atlantic Migratory Bird Initiative Implmentation Plan 2008,Anhinga,spp
South Atlantic Migratory Bird Initiative Implmentation Plan 2008,Green-winged Teal,spp
South Atlantic Migratory Bird Initiative Implmentation Plan 2008,Northern Shoveler,spp
South Atlantic Migratory Bird Initiative Implmentation Plan 2008,Masked Booby,spp
South Atlantic Migratory Bird Initiative Implmentation Plan 2008,Red-billed Tropicbird,spp
South Atlantic Migratory Bird Initiative Implmentation Plan 2008,Sooty Shearwater,spp
South Atlantic Migratory Bird Initiative Implmentation Plan 2008,Green Heron,spp
South Atlantic Migratory Bird Initiative Implmentation Plan 2008,Yellow-crowned Night-Heron,spp
South Atlantic Migratory Bird Initiative Implmentation Plan 2008,Forster's Tern,spp
South Atlantic Migratory Bird Initiative Implmentation Plan 2008,Sooty Tern,spp
South Atlantic Migratory Bird Initiative Implmentation Plan 2008,Caspian Tern,spp
South Atlantic Migratory Bird Initiative Implmentation Plan 2008,Great Blue Heron,spp
South Atlantic Migratory Bird Initiative Implmentation Plan 2008,North Carolina Natural Heritage Program,org
South Atlantic Migratory Bird Initiative Implmentation Plan 2008,Black-necked Stilt,spp
South Atlantic Migratory Bird Initiative Implmentation Plan 2008,Brown Booby,spp
South Atlantic Migratory Bird Initiative Implmentation Plan 2008,Magnificent Frigatebird,spp
South Atlantic Migratory Bird Initiative Implmentation Plan 2008,Association of Fish and Wildlife Agencies,org
South Atlantic Migratory Bird Initiative Implmentation Plan 2008,Center for Conservation Biology,org
South Atlantic Migratory Bird Initiative Implmentation Plan 2008,United States Geological Service,org
South Atlantic Migratory Bird Initiative Implmentation Plan 2008,North Carolina State University,org
South Atlantic Migratory Bird Initiative Implmentation Plan 2008,National Fish and Wildlife Foundation,org
South Atlantic Migratory Bird Initiative Implmentation Plan 2008,Killdeer,spp
South Atlantic Migratory Bird Initiative Implmentation Plan 2008,North Carolina Wildlife Resources Commission,org
South Atlantic Migratory Bird Initiative Implmentation Plan 2008,United States Department of Agriculture,org
South Atlantic Migratory Bird Initiative Implmentation Plan 2008,Manomet Center for Conservation Sciences,org
South Atlantic Migratory Bird Initiative Implmentation Plan 2008,North Carolina Partners in Flight,org
South Atlantic Migratory Bird Initiative Implmentation Plan 2008,Trindade Petrel,spp
South Atlantic Migratory Bird Initiative Implmentation Plan 2008,Southeast Association of Fish and Wildlife Agencies,org
Status Assessment And Conservation For The Grasshopper Sparrow 2015,Grasshopper Sparrow,spp
Status Assessment And Conservation For The Grasshopper Sparrow 2015,United States Geological Service,org
Status Assessment And Conservation For The Grasshopper Sparrow 2015,United States Fish and Wildlife Service,org
Status Assessment And Conservation For The Grasshopper Sparrow 2015,BirdLife International,org
Status Assessment And Conservation For The Grasshopper Sparrow 2015,Natureserve,org
Status Assessment And Conservation For The Grasshopper Sparrow 2015,Partners in Flight,org
Status Assessment And Conservation For The Grasshopper Sparrow 2015,Cornell Lab of Ornithology,org
Status Assessment And Conservation For The Grasshopper Sparrow 2015,Carolina Bird Club,org
Status Assessment And Conservation For The Grasshopper Sparrow 2015,National Audubon Society,org
Status Assessment And Conservation For The Grasshopper Sparrow 2015,Environment Canada,org
Status Assessment And Conservation For The Grasshopper Sparrow 2015,American Bird Conservancy,org
Status Assessment And Conservation For The Grasshopper Sparrow 2015,United States North American Bird Conservation Initiative,org
Status Assessment And Conservation For The Grasshopper Sparrow 2015,Atlantic Coast Joint Venture,org
Status Assessment And Conservation For The Grasshopper Sparrow 2015,United States Department of Agriculture,org
Status Assessment And Conservation For The Grasshopper Sparrow 2015,Brown-headed Cowbird,spp
Status Assessment And Conservation For The Grasshopper Sparrow 2015,Loggerhead Shrike,spp
Status Assessment And Conservation For The Grasshopper Sparrow 2015,Chestnut-collared Longspur,spp
Status Assessment And Conservation For The Grasshopper Sparrow 2015,Cassin's Sparrow,spp
Status Assessment And Conservation For The Grasshopper Sparrow 2015,Northern Bobwhite,spp
Status Assessment And Conservation For The Grasshopper Sparrow 2015,USDA Farm Services Agency,org
Status Assessment And Conservation For The Grasshopper Sparrow 2015,The Nature Conservancy,org
Status Assessment And Conservation For The Grasshopper Sparrow 2015,Bachman's Sparrow,spp
Status Assessment And Conservation For The Grasshopper Sparrow 2015,Bobolink,spp
Status Assessment And Conservation For The Grasshopper Sparrow 2015,Dickcissel,spp
Status Assessment And Conservation For The Grasshopper Sparrow 2015,Eastern Meadowlark,spp
Status Assessment And Conservation For The Grasshopper Sparrow 2015,Horned Lark,spp
Status Assessment And Conservation For The Grasshopper Sparrow 2015,Lark Bunting,spp
Status Assessment And Conservation For The Grasshopper Sparrow 2015,Long-billed Curlew,spp
Status Assessment And Conservation For The Grasshopper Sparrow 2015,Northern Harrier,spp
Status Assessment And Conservation For The Grasshopper Sparrow 2015,Savannah Sparrow,spp
Status Assessment And Conservation For The Grasshopper Sparrow 2015,Short-eared Owl,spp
Status Assessment And Conservation For The Grasshopper Sparrow 2015,Sprague's Pipit,spp
Status Assessment And Conservation For The Grasshopper Sparrow 2015,Swainson's Hawk,spp
Status Assessment And Conservation For The Grasshopper Sparrow 2015,Upland Sandpiper,spp
Status Assessment And Conservation For The Grasshopper Sparrow 2015,Vesper Sparrow,spp
Status Assessment And Conservation For The Grasshopper Sparrow 2015,Cerulean Warbler,spp
Status Assessment And Conservation For The Grasshopper Sparrow 2015,Smithsonian Institute,org
Status Assessment And Conservation Plan For The Henslow's Sparrow 2012,United States Fish and Wildlife Service,org
Status Assessment And Conservation Plan For The Henslow's Sparrow 2012,Henslow's Sparrow,spp
Status Assessment And Conservation Plan For The Henslow's Sparrow 2012,Partners in Flight,org
Status Assessment And Conservation Plan For The Henslow's Sparrow 2012,United States Geological Service,org
Status Assessment And Conservation Plan For The Henslow's Sparrow 2012,American Robin,spp
Status Assessment And Conservation Plan For The Henslow's Sparrow 2012,Bobolink,spp
Status Assessment And Conservation Plan For The Henslow's Sparrow 2012,Eastern Meadowlark,spp
Status Assessment And Conservation Plan For The Henslow's Sparrow 2012,Grasshopper Sparrow,spp
Status Assessment And Conservation Plan For The Henslow's Sparrow 2012,Savannah Sparrow,spp
Status Assessment And Conservation Plan For The Henslow's Sparrow 2012,Sedge Wren,spp
Status Assessment And Conservation Plan For The Henslow's Sparrow 2012,Brown-headed Nuthatch,spp
Status Assessment And Conservation Plan For The Henslow's Sparrow 2012,Cedar Waxwing,spp
Status Assessment And Conservation Plan For The Henslow's Sparrow 2012,Eastern Bluebird,spp
Status Assessment And Conservation Plan For The Henslow's Sparrow 2012,Northern Harrier,spp
Status Assessment And Conservation Plan For The Henslow's Sparrow 2012,Red-winged Blackbird,spp
Status Assessment And Conservation Plan For The Henslow's Sparrow 2012,Short-eared Owl,spp
Status Assessment And Conservation Plan For The Henslow's Sparrow 2012,Swamp Sparrow,spp
Status Assessment And Conservation Plan For The Henslow's Sparrow 2012,Yellow-rumped Warbler,spp
Status Assessment And Conservation Plan For The Henslow's Sparrow 2012,The Nature Conservancy,org
Status Assessment And Conservation Plan For The Henslow's Sparrow 2012,Sandhill Crane,spp
Status Assessment And Conservation Plan For The Henslow's Sparrow 2012,Carolina Bird Club,org
Status Assessment And Conservation Plan For The Henslow's Sparrow 2012,National Audubon Society,org
Status Assessment And Conservation Plan For The Henslow's Sparrow 2012,American Bird Conservancy,org
Status Assessment And Conservation Plan For The Henslow's Sparrow 2012,Brown-headed Cowbird,spp
Status Assessment And Conservation Plan For The Henslow's Sparrow 2012,United States Department of Agriculture,org
Status Assessment And Conservation Plan For The Henslow's Sparrow 2012,USDA Farm Services Agency,org
Status Assessment And Conservation Plan For The Henslow's Sparrow 2012,Quail Unlimited,org
Status Assessment And Conservation Plan For The Henslow's Sparrow 2012,Cornell Lab of Ornithology,org
Status Assessment And Conservation Plan For The Henslow's Sparrow 2012,Killdeer,spp
Status Assessment And Conservation Plan For The Henslow's Sparrow 2012,College of William and Mary,org
Status Assessment And Conservation Plan For The Henslow's Sparrow 2012,Cerulean Warbler,spp
Status Assessment And Conservation Plan For The Henslow's Sparrow 2012,Dickcissel,spp
Status Assessment And Conservation Plan For The Henslow's Sparrow 2012,Ducks Unlimited,org
Status Assessment And Conservation Plan For The Henslow's Sparrow 2012,North Carolina Wildlife Resources Commission,org
Status Review And Conservation Recommendations For The Gull-Billed Tern In North America 2010,Gull-billed Tern,spp
Status Review And Conservation Recommendations For The Gull-Billed Tern In North America 2010,United States Fish and Wildlife Service,org
Status Review And Conservation Recommendations For The Gull-Billed Tern In North America 2010,Natureserve,org
Status Review And Conservation Recommendations For The Gull-Billed Tern In North America 2010,Peregrine Falcon,spp
Status Review And Conservation Recommendations For The Gull-Billed Tern In North America 2010,Burrowing Owl,spp
Status Review And Conservation Recommendations For The Gull-Billed Tern In North America 2010,Great Horned Owl,spp
Status Review And Conservation Recommendations For The Gull-Billed Tern In North America 2010,American Kestrel,spp
Status Review And Conservation Recommendations For The Gull-Billed Tern In North America 2010,Common Raven,spp
Status Review And Conservation Recommendations For The Gull-Billed Tern In North America 2010,Black-necked Stilt,spp
Status Review And Conservation Recommendations For The Gull-Billed Tern In North America 2010,Killdeer,spp
Status Review And Conservation Recommendations For The Gull-Billed Tern In North America 2010,Least Tern,spp
Status Review And Conservation Recommendations For The Gull-Billed Tern In North America 2010,Snowy Plover,spp
Status Review And Conservation Recommendations For The Gull-Billed Tern In North America 2010,Black Skimmer,spp
Status Review And Conservation Recommendations For The Gull-Billed Tern In North America 2010,Common Tern,spp
Status Review And Conservation Recommendations For The Gull-Billed Tern In North America 2010,California Gull,spp
Status Review And Conservation Recommendations For The Gull-Billed Tern In North America 2010,Brown Pelican,spp
Status Review And Conservation Recommendations For The Gull-Billed Tern In North America 2010,Caspian Tern,spp
Status Review And Conservation Recommendations For The Gull-Billed Tern In North America 2010,Bridled Tern,spp
Status Review And Conservation Recommendations For The Gull-Billed Tern In North America 2010,Royal Tern,spp
Status Review And Conservation Recommendations For The Gull-Billed Tern In North America 2010,Sooty Tern,spp
Status Review And Conservation Recommendations For The Gull-Billed Tern In North America 2010,North Carolina State University,org
Status Review And Conservation Recommendations For The Gull-Billed Tern In North America 2010,University of North Carolina at Chapel Hill,org
Status Review And Conservation Recommendations For The Gull-Billed Tern In North America 2010,Smithsonian Institute,org
Status Review And Conservation Recommendations For The Gull-Billed Tern In North America 2010,Laughing Gull,spp
Status Review And Conservation Recommendations For The Gull-Billed Tern In North America 2010,United States National Park Service,org
Status Review And Conservation Recommendations For The Gull-Billed Tern In North America 2010,North Carolina Audubon Society,org
Status Review And Conservation Recommendations For The Gull-Billed Tern In North America 2010,North Carolina Wildlife Resources Commission,org
Status Review And Conservation Recommendations For The Gull-Billed Tern In North America 2010,Forster's Tern,spp
Status Review And Conservation Recommendations For The Gull-Billed Tern In North America 2010,National Audubon Society,org
Status Review And Conservation Recommendations For The Gull-Billed Tern In North America 2010,The Nature Conservancy,org
Status Review And Conservation Recommendations For The Gull-Billed Tern In North America 2010,Brant,spp
Status Review And Conservation Recommendations For The Gull-Billed Tern In North America 2010,Southeast Association of Fish and Wildlife Agencies,org
Status Review And Conservation Recommendations For The Gull-Billed Tern In North America 2010,Ruddy Turnstone,spp
Status Review And Conservation Recommendations For The Gull-Billed Tern In North America 2010,North Carolina Sea Grant,org
Status Review And Conservation Recommendations For The Gull-Billed Tern In North America 2010,Piping Plover,spp
Status Review And Conservation Recommendations For The Gull-Billed Tern In North America 2010,Manomet Center for Conservation Sciences,org
Status Review And Conservation Recommendations For The Gull-Billed Tern In North America 2010,Center for Conservation Biology,org
Status Review And Conservation Recommendations For The Gull-Billed Tern In North America 2010,College of William and Mary,org
Understanding Declines In The Rusty Blackbird - An Indicator Of Wooded Wetland Health 2005,Rusty Blackbird,spp
Understanding Declines In The Rusty Blackbird - An Indicator Of Wooded Wetland Health 2005,United States Geological Service,org
Understanding Declines In The Rusty Blackbird - An Indicator Of Wooded Wetland Health 2005,Partners in Flight,org
Understanding Declines In The Rusty Blackbird - An Indicator Of Wooded Wetland Health 2005,Smithsonian Migratory Bird Center,org
Understanding Declines In The Rusty Blackbird - An Indicator Of Wooded Wetland Health 2005,National Audubon Society,org
Understanding Declines In The Rusty Blackbird - An Indicator Of Wooded Wetland Health 2005,United States Fish and Wildlife Service,org
Understanding Declines In The Rusty Blackbird - An Indicator Of Wooded Wetland Health 2005,Carolina Bird Club,org
Understanding Declines In The Rusty Blackbird - An Indicator Of Wooded Wetland Health 2005,Common Grackle,spp
Understanding Declines In The Rusty Blackbird - An Indicator Of Wooded Wetland Health 2005,Smithsonian Institute,org
Understanding Declines In The Rusty Blackbird - An Indicator Of Wooded Wetland Health 2005,Red-winged Blackbird,spp
Understanding Declines In The Rusty Blackbird - An Indicator Of Wooded Wetland Health 2005,Lesser Scaup,spp
Understanding Declines In The Rusty Blackbird - An Indicator Of Wooded Wetland Health 2005,Lesser Yellowlegs,spp
Understanding Declines In The Rusty Blackbird - An Indicator Of Wooded Wetland Health 2005,Solitary Sandpiper,spp
Understanding Declines In The Rusty Blackbird - An Indicator Of Wooded Wetland Health 2005,White-winged Scoter,spp
Understanding Declines In The Rusty Blackbird - An Indicator Of Wooded Wetland Health 2005,Horned Grebe,spp
Understanding Declines In The Rusty Blackbird - An Indicator Of Wooded Wetland Health 2005,Quail Unlimited,org
Understanding Declines In The Rusty Blackbird - An Indicator Of Wooded Wetland Health 2005,Ducks Unlimited,org
Understanding Declines In The Rusty Blackbird - An Indicator Of Wooded Wetland Health 2005,United States Department of Agriculture,org
Understanding Declines In The Rusty Blackbird - An Indicator Of Wooded Wetland Health 2005,Cerulean Warbler,spp
Understanding Declines In The Rusty Blackbird - An Indicator Of Wooded Wetland Health 2005,United States National Park Service,org
Understanding Declines In The Rusty Blackbird - An Indicator Of Wooded Wetland Health 2005,Bicknell's Thrush,spp
Understanding Declines In The Rusty Blackbird - An Indicator Of Wooded Wetland Health 2005,Black-throated Blue Warbler,spp
Understanding Declines In The Rusty Blackbird - An Indicator Of Wooded Wetland Health 2005,Cornell Lab of Ornithology,org
Understanding Declines In The Rusty Blackbird - An Indicator Of Wooded Wetland Health 2005,Loggerhead Shrike,spp
